patient_id,clinical_identity_id,records,parasitized,uninfected,split
C100P61ThinF,8b8e69c7-cca8-5cf2-a851-7e9fe4d7505a,125,57,68,train
C101P62ThinF,9c2c39af-64e2-5a6d-9f7c-4b19d82df0cb,385,314,71,train
C102P63ThinF,7efcc7bf-6569-5c9a-b747-d9c846aa8172,103,35,68,train
C103P64ThinF,0cdc4610-7057-5451-aa4a-039d4ba60503,107,39,68,train
C104P65ThinF,74f10f69-8ad6-57bf-9acd-45df2c5f3655,82,10,72,train
C105P66ThinF,8bb7eb39-78bd-5865-85fa-bffd70365e48,85,17,68,test
C106P67ThinF,3196b3c3-ee92-57ed-a883-3650a5f63266,79,13,66,val
C107P68ThinF,7c6cf49b-f3de-5a3a-a7d5-d3861f9b8a93,132,62,70,train
C108P69ThinF,e396dbc2-06f0-5a11-a390-901143b989aa,89,20,69,train
C109P70ThinF,df447f1d-4397-5ff3-8449-3804a0757f61,87,19,68,train
C110P71ThinF,85f472b1-8dd5-588a-8946-25ac9d8d9384,93,24,69,train
C111P72ThinF,e6820339-fe48-591a-8358-0a122116c580,88,19,69,train
C112P73ThinF,281175e8-62c5-52fb-83e4-6feb34e6196e,79,16,63,val
C113P74ThinF,41b550b1-f117-5aec-8a69-8f3d6d365ed1,127,61,66,val
C114P75ThinF,c4a92b97-99e6-5f7b-bb21-24a25141905e,81,14,67,train
C115P76ThinF,c07e0f62-57aa-5324-88f8-46b7bb96f3c6,78,13,65,train
C116P77ThinF,eee52a82-e8f7-5f24-a226-392bef433fce,482,414,68,train
C117P78ThinF,3f5d54bf-2f37-5ecd-9bb9-03dd64352433,148,74,74,train
C118P79ThinF,84fd744a-6834-5d76-aa41-20888c548fd4,353,283,70,train
C119P80ThinF,c7db8e1a-09eb-5594-9cd9-80034051d9e8,182,117,65,train
C120P81ThinF,348096fd-32aa-5c0a-aea7-5710ad4acf60,164,96,68,train
C121P82ThinF,79ea36ed-5226-5331-8952-b945c81d69db,84,7,77,train
C122P83ThinF,6aa81eaa-58c7-5394-8eda-673bcf687fce,75,6,69,train
C123P84ThinF,2fabd880-c3ee-5ecf-8dd5-b5b2804eeb9a,131,63,68,train
C124P85ThinF,c12430d3-75a4-54cf-ba2e-42bf9cc17183,114,47,67,train
C125P86ThinF,bdf5cc98-7453-552f-81ed-ca314125d884,83,13,70,train
C126P87ThinF,3ef39fe8-326d-50ce-9021-40de843a8a0a,120,51,69,train
C127P88ThinF,88777134-dbd9-50aa-98a3-54344065403b,82,13,69,train
C128P89ThinF,0d80dcc0-77fe-595d-ad8e-748f2f501126,206,136,70,train
C129P90ThinF,66cde198-cc83-5dc3-99f9-317fe01fb041,386,314,72,train
C12NThinF,a884ace1-8117-5493-9e73-d9b222f8b16c,68,0,68,train
C130P91ThinF,f61b3c4a-bea7-5eed-8209-803b0afe7df0,185,116,69,train
C131P92ThinF,7a447a5d-f457-5cca-bb08-1a82025c1636,119,50,69,val
C132P93ThinF,ec55d012-a93f-5d9a-89b1-f03b08f3c463,639,574,65,train
C133P94ThinF,6d99b8d6-56ca-5bb5-90b6-2306b9519cb0,347,282,65,train
C134P95ThinF,d8f5a6e8-ea0b-529c-ba97-35083441ebef,98,28,70,train
C135P96ThinF,cee5a441-ba3e-51be-badf-9b98b53ad9ad,76,12,64,train
C136P97ThinF,6e36c452-5213-53b3-9d4e-3adb9a7ace8b,397,327,70,train
C137P98ThinF,d8953b7e-41b0-5b02-b238-f1db15f68da9,408,332,76,train
C138P99ThinF,0d86d717-b1c3-51f3-afc7-7b2ed4130931,74,6,68,train
C139P100ThinF,d4b8e72c-782e-570d-a4df-5e6c618b9a35,86,19,67,test
C13NThinF,5fb69a55-81ea-5e64-88f2-447f481bb2e6,69,0,69,train
C140P101ThinF,adcea4a7-b749-5391-bc27-a79a1bba4dfe,167,98,69,test
C141P102ThinF,378e60b0-3411-5754-ae7b-b846098410a5,92,20,72,train
C142P103ThinF,be8bdfae-1cb7-5868-81d5-f0eaf5eb2263,85,14,71,train
C143P104ThinF,8a24df34-07f1-563a-9845-94ac059ff0c1,81,14,67,train
C144P105ThinF,e942ac07-b9b2-5ef9-994b-6320a352b354,148,80,68,test
C145P106ThinF,6202aed6-a1ac-5802-8bd0-13af8be6aee5,107,37,70,test
C146P107ThinF,65506928-da0c-52e6-9fb4-49cb4ab61cb4,111,41,70,train
C147P108ThinF,88d45f23-9e1f-5163-acc0-89fc03ac7603,79,11,68,train
C148P109ThinF,37f7732d-8e7c-5bd4-bad9-27cc6c39d117,93,25,68,train
C149P110ThinF,46346944-5e1c-5377-8128-1c57810f34a6,121,54,67,train
C150P111ThinF,d05112cb-58cd-5f1e-bd13-acba3bc57c25,68,1,67,train
C151P112ThinF,a7b4ee18-f01c-543a-aeb5-0891560517ae,73,5,68,val
C152P113ThinF,1ee5e6cf-433b-56ea-a07b-df18475cea28,80,10,70,train
C153P114ThinF,564304a3-e42c-5f65-9b36-14218fc58be5,72,7,65,train
C154P115ThinF,2c10f0a4-52db-5c1d-9887-5ff1c11bd694,91,24,67,train
C155P116ThinF,fb77f6d8-aa1f-59f6-a1a1-1aded31edc05,69,2,67,train
C156P117ThinF,04fa5127-e790-520c-a829-f089563fce5a,99,31,68,train
C157P118ThinF,83bad37c-93a2-5698-b269-dcb335ae9034,107,39,68,train
C158P119ThinF,90c757cc-3ddd-50c3-a389-41bb6f43e591,117,49,68,train
C159P120ThinF,d070abab-2e05-5020-8cba-23bd50f95641,142,75,67,train
C160P121ThinF,b9f45c6a-8ad6-58fe-b0bd-5b80f5b09701,73,5,68,train
C161P122ThinF,8f3f6760-5414-5eba-ab8d-2e1eecc3a830,70,3,67,test
C162P123ThinF,8fcc7204-d867-5510-b39b-9fcb153ecf2b,84,17,67,train
C163P124ThinF,80f8404b-600e-520f-9747-e89d4d89d480,81,13,68,val
C164P125ThinF,65d51e12-e7bf-5af9-831a-963ec9381769,97,28,69,train
C165P126ThinF,84cc650e-9e57-5d0d-ba56-3f0e3283aedf,72,2,70,train
C166P127ThinF,1d259db0-2928-57ff-b82c-9c1649f4e066,101,33,68,train
C167P128ReThinF,c24eac04-242a-55ac-84e7-1a04efb200b2,158,91,67,val
C168P129ThinF,836f1785-678d-5d09-9e2b-fe07668dbdfb,114,46,68,val
C169P130ThinF,7f419b69-819b-5b05-94a7-cf65680ab02e,82,10,72,test
C170P131ThinF,4042b357-3267-5bd1-89fd-c619799a4469,93,28,65,train
C171P132ThinF,873f712c-a5ed-51f8-820c-f79003b482eb,84,13,71,train
C172P133ThinF,cc8db350-b2a7-58c5-80c1-b555d3e2010f,140,73,67,train
C173P134NThinF,4e47c4b9-87d4-5c69-8e3a-c922e018aecc,88,21,67,train
C174P135NThinF,819d54f5-c324-5a52-a342-83a287020b0b,182,111,71,val
C175P136NThinF,236c36b1-9f14-5ecf-90ad-a4e8f29245ba,192,124,68,train
C176P137NThinF,5487445f-bf0b-5492-8fb2-756b9d136def,315,247,68,train
C177P138NThinF,a8d86a83-56f6-5b7d-9759-4f5c08925d36,112,41,71,train
C178P139NThinF,6ba0f0ae-2359-5c79-87ff-b963bf50c658,86,18,68,train
C179P140ThinF,076de78a-11e0-5d89-a866-0d91f346b019,197,131,66,train
C180P141NThinF,3f5208fd-1536-5ec1-83ec-e4a9f2288f2b,547,479,68,train
C181P142ThinF,60610de8-c06d-5aa3-bdeb-cc3351bcc675,245,176,69,train
C182P143NThinF,3d551793-706b-574f-b05e-8bc4cb4b7daf,614,546,68,train
C183P144NThinF,3fa59041-8312-5799-98d0-26ded5b1bd9d,203,133,70,test
C184P145ThinF,dbe951fc-3e07-5d6b-955e-94cb7c852408,568,501,67,test
C185P146ThinF,675d976f-f826-5ea0-82ac-b29aa48e8147,81,13,68,train
C186P147NThinF,f14167f4-f928-5219-b0e4-b6d4c5c0795f,192,124,68,train
C187P148NThinF,e8410197-858e-571e-a235-c77599c41fb0,91,21,70,train
C188P149ThinF,7c12b224-b3ea-5c68-b5ed-1299b755c488,128,59,69,train
C189P150ThinF,7eaa81c1-308e-57b0-89a6-71ef200a4ef5,240,166,74,train
C1_thinF,19a49175-69d0-51fa-b2a1-3414be252ffb,70,0,70,train
C201ThinF,a623868f-fc15-5d86-a3ba-056e63e4d684,68,0,68,train
C202ThinF,7bdb55e6-124e-52dc-a16c-81b080033a96,65,0,65,train
C203ThinF,87d19a85-a578-59c5-b50f-4aab09aa16be,69,0,69,train
C204ThinF,e22b4230-4d5a-518f-83d6-d577dfd3293f,67,0,67,train
C205ThinF,e6494f71-d4a3-5377-9d7d-2d7861b83523,69,0,69,train
C206ThinF,615757d9-a906-564b-b226-fff5ff2ba61e,71,0,71,train
C207ThinF,eb8dee9d-6441-59c0-bda3-fc59438befe4,70,0,70,train
C208ThinF,a2e4b917-20a9-53df-b51e-9823867ebcd7,69,0,69,test
C209ThinF,19659b7d-8d68-52cb-ad83-c5fbe14bc48b,71,0,71,val
C210ThinF,8c872b1d-9f8e-5341-83b1-5be917ebce9d,68,0,68,train
C211ThinF,167bb8f6-1fc0-50c2-acdb-366c7509d641,69,0,69,train
C212ThinF,ac287632-482b-5345-85a9-74d528e20ad1,68,0,68,train
C213ThinF,6025b23c-e237-57d8-bc57-699359a7490a,69,0,69,train
C214ThinF,1549e42e-a6d6-58f5-9e86-5c010bcfea49,67,0,67,train
C215ThinF,39d45cc5-fdab-5e9a-8a48-4858d51bd83c,69,0,69,train
C216ThinF,00c5ca23-2876-549b-840e-eb6442f158d3,68,0,68,train
C217ThinF,89355e83-451e-5661-b247-98827ee2a5d3,69,0,69,train
C218ThinF,096120e8-4a4d-5fe5-ab56-b2d77921e621,69,0,69,train
C219ThinF,91d59309-1bcd-5323-bd19-8a24bc66f80a,66,0,66,train
C220ThinF,a26fe0e4-c766-59d1-a520-c70e512d7a72,68,0,68,val
C221ThinF,b28df9f3-c697-5467-8963-e19f5f77de13,70,0,70,test
C222ThinF,e84127b8-62d6-5b44-a44c-00dfb4d1b478,69,0,69,train
C223ThinF,8a09e499-460e-586e-b139-b019842e4c35,68,0,68,train
C224ThinF,25ae029e-b5a9-515a-b378-1612e0e441f7,67,0,67,train
C225ThinF,e37b2499-deb0-5d27-91ec-c36698323795,67,0,67,train
C226ThinF,44287c94-b133-5116-82ce-4e1b735bc1ac,68,0,68,train
C227ThinF,0fce399b-7aae-5887-927c-0ddc725e5340,68,0,68,train
C228ThinF,183a93c5-e1b7-5e37-8c5a-cfa707a07ba3,66,0,66,val
C229ThinF,63e2fc94-5396-5624-8cec-2c2c8241d111,69,0,69,val
C230ThinF,2ea80289-16b3-5c68-84bf-23f8ce784bd3,68,0,68,train
C231ThinF,7f8e6c56-6a26-52c9-8914-3d86dd7e88e2,70,0,70,train
C232ThinF,e712fe03-ee6d-5fb7-9820-1286a9720a4c,69,0,69,train
C233ThinF,bda12870-c337-5d11-a993-5d4d1cb10667,68,0,68,train
C234ThinF,2625d66f-de60-5da8-bbf0-9b1d924ffd7b,65,0,65,train
C235ThinF,71e07b4c-f802-59f5-9e6e-93d664e3f97b,68,0,68,test
C236ThinF,2bccfd08-31d4-5285-b9f9-199b4eb30046,68,0,68,test
C237ThinF,77180ddf-1b25-5fbb-b05a-74d74678f9d7,68,0,68,val
C238NThinF,8f5ae4ed-a4ad-502b-9c06-31e84281b937,70,0,70,train
C239ThinF,b9491be8-8c97-58bd-812e-0bf52e1d9de7,69,0,69,train
C240ThinF,64106c06-85b7-5bdf-9e8c-108be176814c,65,0,65,train
C241NThinF,7040af75-e22e-5af0-8c13-e6275cb202ee,68,0,68,test
C2NThinF,62d4f1e3-e359-5b8c-9667-1823679c2873,69,0,69,train
C33P1thinF,3c89d91c-c5c1-5474-ba56-a7db694765df,102,25,77,train
C37BP2_thinF,8231bff0-9cd1-536f-abfa-267f212dc21c,82,14,68,train
C38P3thinF_original,744c058e-5d30-5064-9531-d3ce3499053b,75,6,69,train
C39P4thinF_original,f3450af3-189f-5d80-9e98-a48d7e8eba45,687,616,71,val
C3thin_original,a8ceffc1-2364-5b8c-a8d6-b6f62ea68e3f,69,0,69,train
C42P5thin_original,f2d1ea85-b236-5dc5-8fe3-f51c59ac5c93,76,6,70,train
C45P6ThinF,9d903272-d3b4-5182-91b6-9de372c05eb5,167,96,71,val
C46P7ThinF,6c07e5b6-229f-5f56-b253-214fa4f90890,198,129,69,train
C47P8thinOriginalOlympusCX21,15612ccb-c11a-5367-8090-9c50fbed208b,67,2,65,train
C47P8thin_Original_Motic,4b152d53-306d-516f-9a62-34df4d87134c,77,8,69,train
C48P9thinF,0b1bdfdd-26dd-5b95-806e-954a0b56e510,391,323,68,train
C49P10thinF,3b4fecc7-6465-5f59-bdce-7dac4ac53c0d,104,37,67,test
C4thin_original,6dafc606-adce-5678-8189-f7dab618e7fb,67,0,67,train
C50P11thinF,73301029-67c8-5ffc-951a-81f2e35dd6a5,100,33,67,test
C51AP12thinF,c9a434d8-7a99-5f87-83cb-3b6d02c570a5,211,142,69,val
C52P13thinF,aad50204-7a69-5eb5-ba4f-35aece612d3c,107,37,70,val
C53P14thinF,1e3b5793-5be4-5661-8a74-6f2cde38b102,71,3,68,train
C54P15thinF,9af15016-40ca-5e42-b36a-95c2c82fde87,75,6,69,train
C55P16thinF,e66d3983-815d-5e58-a07d-23835a95b9dc,75,4,71,train
C56P17thinF,39803bac-9697-51d1-8ef2-aa51b82bdbdc,85,17,68,test
C57P18thinF,cf3ee1af-1e4e-501a-a910-be9bcec4946a,73,5,68,val
C58P19thinF,f62cac54-f04c-53f5-bda9-ee74e65bfd31,70,1,69,train
C59P20thinF,e35b5d30-9628-5f3f-9273-54d44a76b23f,575,507,68,train
C5NThinF,70f49b8e-aa2a-5fa9-b638-832807f855f9,69,0,69,train
C60P21thinF,81e73682-9bc2-58b2-a380-f82bdb1e17cb,211,142,69,train
C61P22N_ThinF,19fc126d-39d7-50d5-a27a-c93bc21ab4ab,75,4,71,train
C62P23N_ThinF,ae70b922-d344-5a91-abab-bfc16387167e,109,40,69,train
C63P24N_ThinF,ca268831-b675-5aa0-85d9-25333b7b74d9,118,50,68,train
C64P25N_ThinF,6bc643b6-7373-5f32-aef2-65787915930c,79,10,69,train
C65P26N_ThinF,8891192d-684d-517e-bda5-d25abe3e1ac1,94,23,71,val
C66P27N_ThinF,81674cb3-fa80-5062-bf90-bf4b37ef623f,155,89,66,train
C67P28N_ThinF,9f23605b-2808-5fbd-9313-229ad2aee0a4,130,63,67,train
C68P29N_ThinF,75b00889-176c-526e-a0a8-5dc049684ff6,702,633,69,train
C69P30N_ThinF,4127dbae-bf2b-54c7-b63b-c6bf0e6c0cd3,76,8,68,train
C6NThinF,fa70d984-aa51-53a8-b698-2639e27f8a6d,70,0,70,train
C70P31_ThinF,5594ff85-7115-5692-8e30-92501273b78b,305,229,76,train
C71P32_ThinF,d91292d5-aa31-58cb-92b9-7e8e3273d89f,79,9,70,train
C72P33_ThinF,003ff7ff-179c-535b-89dd-e03fd47592db,77,6,71,train
C73P34_ThinF,2932f049-35a5-5838-853b-518593173663,73,3,70,train
C74P35_ThinF,e6313bc1-a260-5461-95ba-cb000829dd2c,111,41,70,train
C75P36_ThinF,a625e4f3-0f95-52c7-b752-af5cfdf95458,73,8,65,train
C76P37ThinF,9deb4050-39fb-589e-893d-bd1dcf92c2ac,140,72,68,train
C77P38ThinF,7eceba6b-0784-524b-a693-25b02dbc3feb,87,20,67,train
C78P39ThinF,2c535c11-19ab-5c04-9256-019cf97b7654,112,41,71,train
C79P40ThinF,b437c8a1-f12d-5752-a767-469f56e67aac,76,7,69,train
C7NthinF,281836c5-541f-5194-866a-0cbb603ed402,67,0,67,train
C80P41ThinF,c38a1c0b-18a7-5b19-953f-eb7a1faed815,334,268,66,test
C81P42ThinF,73f444e2-00c8-5116-9805-ac9a234d6416,127,63,64,train
C82P43ThinF,1723fd8a-f7dc-5720-a7cc-3726a3bad7b3,299,234,65,train
C83P44ThinF,50721847-e7a0-5d97-857f-0af9d456ac46,73,3,70,train
C84P45ThinF,9ae7239e-cf41-55cb-affe-c98720011590,331,262,69,train
C85P46ThinF,193757e3-444f-5d05-81ff-612e05b31bda,88,19,69,train
C86P47ThinF,e3cec779-a4cc-5319-9e86-1236a37c8e4a,72,4,68,train
C87P48ThinF,84a8feff-5120-55d1-96ae-978fddb07abf,95,25,70,test
C88P49ThinF,92f522b3-3a4e-5192-9cb6-283eca9dd822,82,12,70,train
C89P50ThinF,9a860860-027b-5d94-adaf-4c5623b0d953,137,67,70,train
C90P51ThinF,11762774-b53b-51fe-8a0b-576acb76bf0d,78,9,69,train
C91P52ThinF,ab5a08b4-5567-5027-b27b-84a9e5af362a,333,264,69,train
C92P53ThinF,2ee9a114-c851-5038-8545-98e4694b8b5c,93,26,67,train
C93P54ThinF,05462dcd-ee61-5d4b-b935-97a551e285e9,153,85,68,train
C94P55ThinF,3c84a360-5768-5259-a7c2-92017c9590cc,79,9,70,train
C95P56ThinF,0481244b-53ad-5e7a-af9c-d8ae6f667396,92,24,68,train
C96P57ThinF,842c1ddf-d5ac-51f6-95ee-6a70b3b04e7f,86,19,67,train
C97P58ThinF,309bcc73-ab90-5675-ad77-b70f8d968083,310,245,65,train
C98P59ThinF,3e42bbef-8eb0-57bd-a49d-6d51dbda9b9a,108,39,69,test
C99P60ThinF,e4f2d36a-d876-5e81-9bbf-a55a9ce014d7,632,564,68,train
