set,full_patient_id,numeric_prefix,cell_candidate,candidate_present,images,source_image_stems_in_candidate_cells,image_stems,match_status
Polygon Set,142C38P3thinF_original,142,C38P3thinF_original,True,5,5,20150621_112023;20150621_112043;20150621_112116;20150621_112138;20150621_112227,UNRESOLVED
Polygon Set,146C47P8thin_Original_Motic,146,C47P8thin_Original_Motic,True,5,5,20150714_093512;20150714_093600;20150714_093636;20150714_093715;20150714_093806,UNRESOLVED
Polygon Set,150C49P10thinF,150,C49P10thinF,True,5,5,20150724_102330;20150724_102843;20150724_102951;20150724_103054;20150724_103233,UNRESOLVED
Polygon Set,153C52P13thinF,153,C52P13thinF,True,5,5,20150725_123938;20150725_124606;20150725_124830;20150725_125213;20150725_125847,UNRESOLVED
Polygon Set,156C55P16thinF,156,C55P16thinF,True,5,5,20150728_121151;20150728_121350;20150728_123154;20150728_123237;20150728_123510,UNRESOLVED
Polygon Set,158C57P18thinF,158,C57P18thinF,True,5,5,20150729_104027;20150729_110134;20150729_110305;20150729_110457;20150729_111518,UNRESOLVED
Polygon Set,208C67P28N_ThinF,208,C67P28N_ThinF,True,5,5,20150819_115417;20150819_115955;20150819_121053;20150819_121240;20150819_121456,UNRESOLVED
Polygon Set,209C68P29N_ThinF,209,C68P29N_ThinF,True,5,5,20150819_133236;20150819_133350;20150819_133447;20150819_134112;20150819_134326,UNRESOLVED
Polygon Set,211C70P31_ThinF,211,C70P31_ThinF,True,5,5,20150813_130332;20150813_130510;20150813_130849;20150813_131022;20150813_131330,UNRESOLVED
Polygon Set,212C71P32_ThinF,212,C71P32_ThinF,True,5,5,20150813_161634;20150813_162016;20150813_162146;20150813_162554;20150813_163120,UNRESOLVED
Polygon Set,221C79P40ThinF,221,C79P40ThinF,True,5,5,20150817_102702;20150817_102823;20150817_103139;20150817_103303;20150817_103901,UNRESOLVED
Polygon Set,228C86P47ThinF,228,C86P47ThinF,True,5,5,20150820_123717;20150820_124025;20150820_124259;20150820_124943;20150820_125057,UNRESOLVED
Polygon Set,231C89P50ThinF,231,C89P50ThinF,True,5,5,20150820_162153;20150820_162300;20150820_162504;20150820_162813;20150820_163347,UNRESOLVED
Polygon Set,236C94P55ThinF,236,C94P55ThinF,True,5,5,20150821_165118;20150821_165519;20150821_170021;20150821_170249;20150821_170403,UNRESOLVED
Polygon Set,244C7NthinF,244,C7NthinF,True,5,5,20150611_104404;20150611_104510;20150611_104609;20150611_104753;20150611_104824,UNRESOLVED
Polygon Set,247C99P60ThinF,247,C99P60ThinF,True,5,5,20150918_140900;20150918_141001;20150918_141129;20150918_141314;20150918_141351,UNRESOLVED
Polygon Set,263C115P76ThinF,263,C115P76ThinF,True,5,5,20150930_161825;20150930_162038;20150930_162315;20150930_163018;20150930_163156,UNRESOLVED
Polygon Set,270C122P83ThinF,270,C122P83ThinF,True,5,5,20151002_144341;20151002_144610;20151002_144855;20151002_145014;20151002_145330,UNRESOLVED
Polygon Set,274C126P87ThinF,274,C126P87ThinF,True,5,5,20151004_104408;20151004_104441;20151004_104623;20151004_104728;20151004_104813,UNRESOLVED
Polygon Set,276C128P89ThinF,276,C128P89ThinF,True,5,5,20151004_130408;20151004_130549;20151004_130810;20151004_131030;20151004_131129,UNRESOLVED
Polygon Set,282C134P95ThinF,282,C134P95ThinF,True,5,5,20151005_121048;20151005_121343;20151005_121425;20151005_121554;20151005_121656,UNRESOLVED
Polygon Set,302C210ThinF,302,C210ThinF,True,5,5,20151029_162357;20151029_162439;20151029_162605;20151029_162834;20151029_162934,UNRESOLVED
Polygon Set,305C212ThinF,305,C212ThinF,True,5,5,20151106_105437;20151106_105834;20151106_105941;20151106_110230;20151106_110411,UNRESOLVED
Polygon Set,306C213ThinF,306,C213ThinF,True,5,5,20151106_112252;20151106_112422;20151106_112603;20151106_112759;20151106_112853,UNRESOLVED
Polygon Set,309C216ThinF,309,C216ThinF,True,5,5,20151106_134733;20151106_134931;20151106_135228;20151106_135337;20151106_135653,UNRESOLVED
Polygon Set,318C226ThinF,318,C226ThinF,True,5,5,20151112_131255;20151112_131408;20151112_131546;20151112_131622;20151112_131731,UNRESOLVED
Polygon Set,323C231ThinF,323,C231ThinF,True,5,5,20151112_152234;20151112_153041;20151112_153106;20151112_153147;20151112_153246,UNRESOLVED
Polygon Set,327C235ThinF,327,C235ThinF,True,5,5,20151112_164625;20151112_164723;20151112_164834;20151112_164918;20151112_165055,UNRESOLVED
Polygon Set,343C160P121ThinF,343,C160P121ThinF,True,5,5,20151116_092925;20151116_093109;20151116_093629;20151116_093704;20151116_093748,UNRESOLVED
Polygon Set,354C169P130ThinF,354,C169P130ThinF,True,5,5,20151118_163539;20151118_172913;20151118_173039;20151119_143039;20151119_143212,UNRESOLVED
Polygon Set,362C177P138NThinF,362,C177P138NThinF,True,5,5,20151201_141604;20151201_142514;20151201_142846;20151201_142942;20151201_143025,UNRESOLVED
Polygon Set,372C187P148NThinF,372,C187P148NThinF,True,5,5,20151203_152841;20151203_153036;20151203_153410;20151203_153713;20151203_154111,UNRESOLVED
Polygon Set,377C238NThinF,377,C238NThinF,True,5,5,20151207_114038;20151207_114345;20151207_114444;20151207_114605;20151207_114653,UNRESOLVED
Point Set,143C39P4thinF_original,143,C39P4thinF_original,True,5,5,20150622_105102;20150622_105253;20150622_105803;20150622_110115;20150622_110352,UNRESOLVED
Point Set,144C3thin_original,144,C3thin_original,True,5,5,20150608_162835;20150608_162922;20150608_163002;20150608_163029;20150608_163047,UNRESOLVED
Point Set,145C42P5thin_original,145,C42P5thin_original,True,5,5,20150623_134426;20150623_134547;20150623_134751;20150623_134919;20150623_135251,UNRESOLVED
Point Set,147C4thin_original,147,C4thin_original,True,5,5,20150608_165540;20150608_165620;20150608_165908;20150608_170016;20150608_170038,UNRESOLVED
Point Set,148C47P8thinOriginalOlympusCX21,148,C47P8thinOriginalOlympusCX21,True,5,5,20150717_172748;20150717_173432;20150717_173515;20150717_173554;20150717_174222,UNRESOLVED
Point Set,149C48P9thinF,149,C48P9thinF,True,5,5,20150721_160406;20150721_160944;20150721_161055;20150721_161243;20150721_161412,UNRESOLVED
Point Set,151C50P11thinF,151,C50P11thinF,True,5,5,20150724_114951;20150724_115141;20150724_115603;20150724_115651;20150724_115749,UNRESOLVED
Point Set,152C51AP12thinF,152,C51AP12thinF,True,5,5,20150724_153313;20150724_154243;20150724_154330;20150724_155046;20150724_155557,UNRESOLVED
Point Set,154C53P14thinF,154,C53P14thinF,True,5,5,20150726_114404;20150726_114439;20150726_114606;20150726_114918;20150726_115046,UNRESOLVED
Point Set,155C54P15thinF,155,C54P15thinF,True,5,5,20150728_102017;20150728_105949;20150728_112832;20150728_112938;20150728_113006,UNRESOLVED
Point Set,157C56P17thinF,157,C56P17thinF,True,5,5,20150728_151330;20150728_153328;20150728_153413;20150728_155921;20150728_160256,UNRESOLVED
Point Set,159C58P19thinF,159,C58P19thinF,True,5,5,20150802_121847;20150802_122215;20150802_122338;20150802_122520;20150802_122648,UNRESOLVED
Point Set,200C59P20thinF,200,C59P20thinF,True,5,5,20150803_111244;20150803_111333;20150803_112733;20150803_112802;20150803_112858,UNRESOLVED
Point Set,201C60P21thinF,201,C60P21thinF,True,5,5,20150803_144003;20150803_144510;20150804_104919;20150804_105034;20150804_105955,UNRESOLVED
Point Set,202C61P22N_ThinF,202,C61P22N_ThinF,True,5,5,20150818_112252;20150818_112433;20150818_112518;20150818_112626;20150818_112704,UNRESOLVED
Point Set,203C62P23N_ThinF,203,C62P23N_ThinF,True,5,5,20150818_132811;20150818_132918;20150818_133055;20150818_133211;20150818_133307,UNRESOLVED
Point Set,204C63P24N_ThinF,204,C63P24N_ThinF,True,5,5,20150818_142948;20150818_143319;20150818_143423;20150818_143544;20150818_143757,UNRESOLVED
Point Set,205C64P25N_ThinF,205,C64P25N_ThinF,True,5,5,20150818_152337;20150818_152455;20150818_152613;20150818_152921;20150818_153401,UNRESOLVED
Point Set,206C65P26N_ThinF,206,C65P26N_ThinF,True,5,5,20150818_154010;20150818_154050;20150818_154326;20150818_154436;20150818_154624,UNRESOLVED
Point Set,207C66P27N_ThinF,207,C66P27N_ThinF,True,5,5,20150818_163419;20150818_163551;20150818_164008;20150818_164408;20150818_164702,UNRESOLVED
Point Set,210C69P30N_ThinF,210,C69P30N_ThinF,True,5,5,20150819_135421;20150819_135613;20150819_135705;20150819_140143;20150819_140652,UNRESOLVED
Point Set,213C72P33_ThinF,213,C72P33_ThinF,True,5,5,20150815_104045;20150815_104307;20150815_104843;20150815_104923;20150815_105033,UNRESOLVED
Point Set,214C73P34_ThinF,214,C73P34_ThinF,True,5,5,20150815_111114;20150815_111302;20150815_111422;20150815_111501;20150815_111653,UNRESOLVED
Point Set,215C74P35_ThinF,215,C74P35_ThinF,True,5,5,20150815_113951;20150815_114153;20150815_114401;20150815_114555;20150815_114819,UNRESOLVED
Point Set,216C75P36_ThinF,216,C75P36_ThinF,True,5,5,20150815_162935;20150815_163015;20150815_163059;20150815_163147;20150815_163225,UNRESOLVED
Point Set,218C76P37ThinF,218,C76P37ThinF,True,5,5,20150815_165356;20150815_171214;20150815_171454;20150815_172808;20150815_172902,UNRESOLVED
Point Set,219C77P38ThinF,219,C77P38ThinF,True,5,5,20150601_152941;20150601_155125;20150601_155642;20150602_111510;20150602_112011,UNRESOLVED
Point Set,220C78P39ThinF,220,C78P39ThinF,True,5,5,20150606_103413;20150606_103459;20150606_103630;20150606_104106;20150606_104426,UNRESOLVED
Point Set,222C80P41ThinF,222,C80P41ThinF,True,5,5,20150817_110348;20150817_110608;20150817_110834;20150817_110957;20150817_111121,UNRESOLVED
Point Set,223C81P42ThinF,223,C81P42ThinF,True,5,5,20150817_115942;20150817_120351;20150817_120524;20150817_120712;20150817_120856,UNRESOLVED
Point Set,224C82P43ThinF,224,C82P43ThinF,True,5,5,20150817_123500;20150817_123652;20150817_123824;20150817_124010;20150817_124418,UNRESOLVED
Point Set,225C83P44ThinF,225,C83P44ThinF,True,5,5,20150817_133218;20150817_133355;20150817_133454;20150817_133609;20150817_134331,UNRESOLVED
Point Set,226C84P45ThinF,226,C84P45ThinF,True,5,5,20150818_101056;20150818_101146;20150818_101226;20150818_101257;20150818_101412,UNRESOLVED
Point Set,227C85P46ThinF,227,C85P46ThinF,True,5,5,20150820_105154;20150820_105301;20150820_105748;20150820_110040;20150820_110143,UNRESOLVED
Point Set,229C87P48ThinF,229,C87P48ThinF,True,5,5,20150820_132327;20150820_132514;20150820_132642;20150820_141913;20150820_144714,UNRESOLVED
Point Set,230C88P49ThinF,230,C88P49ThinF,True,5,5,20150820_150141;20150820_150724;20150820_151451;20150820_151626;20150820_152521,UNRESOLVED
Point Set,232C90P51ThinF,232,C90P51ThinF,True,5,5,20150821_115056;20150821_115310;20150821_115700;20150821_115846;20150821_120044,UNRESOLVED
Point Set,233C91P52ThinF,233,C91P52ThinF,True,5,5,20150821_123116;20150821_123314;20150821_124504;20150821_124739;20150821_124937,UNRESOLVED
Point Set,234C92P53ThinF,234,C92P53ThinF,True,5,5,20150821_150457;20150821_150718;20150821_151224;20150821_151646;20150821_151722,UNRESOLVED
Point Set,235C93P54ThinF,235,C93P54ThinF,True,5,5,20150821_162641;20150821_162901;20150821_163452;20150821_163640;20150821_163815,UNRESOLVED
Point Set,237C95P56ThinF,237,C95P56ThinF,True,5,5,20150821_171242;20150821_171530;20150821_171603;20150821_171631;20150821_171701,UNRESOLVED
Point Set,238C96P57ThinF,238,C96P57ThinF,True,5,5,20150824_105213;20150824_105445;20150824_105531;20150824_110812;20150824_111748,UNRESOLVED
Point Set,239C12NThinF,239,C12NThinF,True,5,5,20150614_124212;20150614_124244;20150614_124301;20150614_125703;20150614_125741,UNRESOLVED
Point Set,240C13NThinF,240,C13NThinF,True,5,5,20150614_131318;20150614_131417;20150614_131457;20150614_131529;20150614_131553,UNRESOLVED
Point Set,241C2NThinF,241,C2NThinF,True,5,5,20150604_114631;20150604_114730;20150604_114751;20150604_114815;20150604_115238,UNRESOLVED
Point Set,242C5NThinF,242,C5NThinF,True,5,5,20150609_122006;20150609_122020;20150609_122034;20150609_122108;20150609_122227,UNRESOLVED
Point Set,243C6NThinF,243,C6NThinF,True,5,5,20150609_121955;20150609_122327;20150609_122421;20150609_122547;20150609_122725,UNRESOLVED
Point Set,245C97P58ThinF,245,C97P58ThinF,True,5,5,20150917_145555;20150917_150838;20150917_151320;20150917_151437;20150917_151512,UNRESOLVED
Point Set,246C98P59ThinF,246,C98P59ThinF,True,5,5,20150917_153030;20150917_153311;20150917_153600;20150917_153801;20150917_153938,UNRESOLVED
Point Set,248C100P61ThinF,248,C100P61ThinF,True,5,5,20150918_144104;20150918_144348;20150918_144823;20150918_145042;20150918_145422,UNRESOLVED
Point Set,249C101P62ThinF,249,C101P62ThinF,True,5,4,20150918_150842;20150918_151006;20150918_151149;20150918_151239;20150918_151335,UNRESOLVED
Point Set,250C102P63ThinF,250,C102P63ThinF,True,5,5,20150918_161508;20150918_161826;20150918_162051;20150918_162155;20150918_162300,UNRESOLVED
Point Set,251C103P64ThinF,251,C103P64ThinF,True,5,5,20150918_164250;20150918_164331;20150918_164553;20150918_165016;20150918_165125,UNRESOLVED
Point Set,252C104P65ThinF,252,C104P65ThinF,True,5,5,20150918_170850;20150918_171154;20150918_171751;20150918_172053;20150918_172214,UNRESOLVED
Point Set,253C105P66ThinF,253,C105P66ThinF,True,5,5,20150924_094800;20150924_094944;20150924_095034;20150924_095130;20150924_095633,UNRESOLVED
Point Set,254C106P67ThinF,254,C106P67ThinF,True,5,5,20150924_102245;20150924_102413;20150924_102826;20150924_103245;20150924_103636,UNRESOLVED
Point Set,255C107P68ThinF,255,C107P68ThinF,True,5,4,20150924_221632;20150924_221801;20150924_221909;20150924_222233;20150924_222415,UNRESOLVED
Point Set,256C108P69ThinF,256,C108P69ThinF,True,5,5,20150924_223834;20150924_224038;20150924_224616;20150924_224909;20150924_225004,UNRESOLVED
Point Set,257C109P70ThinF,257,C109P70ThinF,True,5,5,20150930_102716;20150930_102812;20150930_102944;20150930_103113;20150930_103214,UNRESOLVED
Point Set,258C110P71ThinF,258,C110P71ThinF,True,5,5,20150930_105319;20150930_105559;20150930_105729;20150930_105925;20150930_110052,UNRESOLVED
Point Set,259C111P72ThinF,259,C111P72ThinF,True,5,5,20150930_112430;20150930_112609;20150930_112827;20150930_113003;20150930_113049,UNRESOLVED
Point Set,260C112P73ThinF,260,C112P73ThinF,True,5,5,20150930_131254;20150930_131401;20150930_131516;20150930_131605;20150930_131659,UNRESOLVED
Point Set,261C113P74ThinF,261,C113P74ThinF,True,5,5,20150930_134355;20150930_134429;20150930_134614;20150930_134751;20150930_134949,UNRESOLVED
Point Set,262C114P75ThinF,262,C114P75ThinF,True,5,5,20150930_150013;20150930_150057;20150930_150145;20150930_150555;20150930_150733,UNRESOLVED
Point Set,264C116P77ThinF,264,C116P77ThinF,True,5,5,20150930_171219;20150930_171448;20150930_171558;20150930_171635;20150930_171739,UNRESOLVED
Point Set,265C117P78ThinF,265,C117P78ThinF,True,5,5,20150930_214138;20150930_214317;20150930_214511;20150930_214629;20150930_214941,UNRESOLVED
Point Set,266C118P79ThinF,266,C118P79ThinF,True,5,5,20151002_104831;20151002_105018;20151002_105125;20151002_105346;20151002_105735,UNRESOLVED
Point Set,267C119P80ThinF,267,C119P80ThinF,True,5,5,20151002_122720;20151002_123043;20151002_123608;20151002_123911;20151002_124304,UNRESOLVED
Point Set,268C120P81ThinF,268,C120P81ThinF,True,5,5,20151002_125443;20151002_130150;20151002_130407;20151002_130715;20151002_130918,UNRESOLVED
Point Set,269C121P82ThinF,269,C121P82ThinF,True,5,5,20151002_132926;20151002_133001;20151002_133158;20151002_133427;20151002_133540,UNRESOLVED
Point Set,271C123P84ThinF,271,C123P84ThinF,True,5,5,20151002_150931;20151002_151143;20151002_151432;20151002_151851;20151002_152144,UNRESOLVED
Point Set,272C124P85ThinF,272,C124P85ThinF,True,5,5,20151002_153825;20151002_154502;20151002_154808;20151002_154846;20151002_155026,UNRESOLVED
Point Set,273C125P86ThinF,273,C125P86ThinF,True,5,5,20151004_101158;20151004_101929;20151004_102013;20151004_102053;20151004_102132,UNRESOLVED
Point Set,275C127P88ThinF,275,C127P88ThinF,True,5,5,20151004_111220;20151004_111436;20151004_111526;20151004_111651;20151004_111755,UNRESOLVED
Point Set,277C129P90ThinF,277,C129P90ThinF,True,5,5,20151004_133244;20151004_133329;20151004_133421;20151004_133538;20151004_133703,UNRESOLVED
Point Set,278C130P91ThinF,278,C130P91ThinF,True,5,5,20151004_135449;20151004_141341;20151004_141428;20151004_141504;20151004_141825,UNRESOLVED
Point Set,279C131P92ThinF,279,C131P92ThinF,True,5,4,20151004_144943;20151004_145224;20151004_145302;20151004_145410;20151004_150208,UNRESOLVED
Point Set,280C132P93ThinF,280,C132P93ThinF,True,5,5,20151004_151701;20151004_151733;20151004_151811;20151004_152045;20151004_152257,UNRESOLVED
Point Set,281C133P94ThinF,281,C133P94ThinF,True,5,5,20151004_153930;20151004_154158;20151004_154351;20151004_154512;20151004_154717,UNRESOLVED
Point Set,283C135P96ThinF,283,C135P96ThinF,True,5,5,20151005_123441;20151005_123715;20151005_123857;20151005_124031;20151005_124204,UNRESOLVED
Point Set,284C136P97ThinF,284,C136P97ThinF,True,5,5,20151005_140538;20151005_140646;20151005_141321;20151005_141803;20151005_141946,UNRESOLVED
Point Set,285C137P98ThinF,285,C137P98ThinF,True,5,5,20151005_155444;20151005_155704;20151005_160122;20151005_160256;20151005_160918,UNRESOLVED
Point Set,286C138P99ThinF,286,C138P99ThinF,True,5,4,20151005_170905;20151005_171116;20151005_171332;20151005_171940;20151005_172643,UNRESOLVED
Point Set,287C139P100ThinF,287,C139P100ThinF,True,5,5,20151005_182257;20151005_182410;20151005_182527;20151005_182822;20151005_183338,UNRESOLVED
Point Set,288C140P101ThinF,288,C140P101ThinF,True,5,5,20151005_205406;20151005_205922;20151005_210026;20151005_210207;20151005_210309,UNRESOLVED
Point Set,289C141P102ThinF,289,C141P102ThinF,True,5,5,20151005_213930;20151005_214033;20151005_214208;20151005_214338;20151005_214615,UNRESOLVED
Point Set,290C142P103ThinF,290,C142P103ThinF,True,5,5,20151005_221115;20151005_221900;20151005_221931;20151005_222255;20151005_222440,UNRESOLVED
Point Set,291C143P104ThinF,291,C143P104ThinF,True,5,5,20151005_225413;20151005_225454;20151005_225528;20151005_225623;20151005_225746,UNRESOLVED
Point Set,292C144P105ThinF,292,C144P105ThinF,True,5,5,20151015_155004;20151015_155149;20151015_160529;20151015_160908;20151015_163142,UNRESOLVED
Point Set,293C145P106ThinF,293,C145P106ThinF,True,5,5,20151016_154309;20151016_154641;20151016_154719;20151016_154756;20151016_154844,UNRESOLVED
Point Set,294C201ThinF,294,C201ThinF,True,5,5,20150930_142848;20150930_143129;20150930_143411;20150930_143502;20150930_143544,UNRESOLVED
Point Set,295C202ThinF,295,C202ThinF,True,5,5,20151015_151254;20151015_151736;20151015_152200;20151015_152333;20151015_152701,UNRESOLVED
Point Set,300C208ThinF,300,C208ThinF,True,5,5,20151029_151017;20151029_155411;20151029_155436;20151029_155554;20151029_155827,UNRESOLVED
Point Set,303C205ThinF,303,C205ThinF,True,5,5,20151106_151514;20151106_151622;20151106_151711;20151106_151800;20151106_152003,UNRESOLVED
Point Set,304C211ThinF,304,C211ThinF,True,5,5,20151029_163959;20151029_164033;20151029_164218;20151029_164248;20151029_164451,UNRESOLVED
Point Set,307C214ThinF,307,C214ThinF,True,5,5,20151106_114526;20151106_114611;20151106_114910;20151106_115440;20151106_131748,UNRESOLVED
Point Set,308C215ThinF,308,C215ThinF,True,5,5,20151106_133012;20151106_133043;20151106_133116;20151106_133247;20151106_133643,UNRESOLVED
Point Set,310C217ThinF,310,C217ThinF,True,5,5,20151106_141135;20151106_141326;20151106_141500;20151106_141649;20151106_142147,UNRESOLVED
Point Set,311C218ThinF,311,C218ThinF,True,5,5,20151106_143940;20151106_144001;20151106_144143;20151106_144228;20151106_144337,UNRESOLVED
Point Set,312C219ThinF,312,C219ThinF,True,5,5,20151106_145856;20151106_145927;20151106_150027;20151106_150135;20151106_150314,UNRESOLVED
Point Set,313C220ThinF,313,C220ThinF,True,5,5,20151106_153947;20151106_154016;20151106_154339;20151106_154510;20151106_154533,UNRESOLVED
Point Set,314C221ThinF,314,C221ThinF,True,5,5,20151106_155857;20151106_160022;20151106_160304;20151106_160515;20151106_160653,UNRESOLVED
Point Set,315C223ThinF,315,C223ThinF,True,5,5,20151112_103809;20151112_104118;20151112_104240;20151112_104410;20151112_104708,UNRESOLVED
Point Set,316C224ThinF,316,C224ThinF,True,5,5,20151112_111955;20151112_112334;20151112_112735;20151112_112834;20151112_113157,UNRESOLVED
Point Set,317C225ThinF,317,C225ThinF,True,5,5,20151112_113735;20151112_113803;20151112_113836;20151112_113915;20151112_113953,UNRESOLVED
Point Set,319C227ThinF,319,C227ThinF,True,5,5,20151112_135158;20151112_135308;20151112_135422;20151112_135509;20151112_135818,UNRESOLVED
Point Set,320C228ThinF,320,C228ThinF,True,5,5,20151112_142109;20151112_142216;20151112_142452;20151112_142730;20151112_142900,UNRESOLVED
Point Set,321C229ThinF,321,C229ThinF,True,5,5,20151112_144147;20151112_144222;20151112_144534;20151112_144613;20151112_144652,UNRESOLVED
Point Set,322C230ThinF,322,C230ThinF,True,5,5,20151112_150329;20151112_150621;20151112_150647;20151112_150730;20151112_150753,UNRESOLVED
Point Set,324C232ThinF,324,C232ThinF,True,5,5,20151112_154211;20151112_154251;20151112_154345;20151112_154424;20151112_154719,UNRESOLVED
Point Set,325C233ThinF,325,C233ThinF,True,5,5,20151112_160059;20151112_160129;20151112_160635;20151112_161024;20151112_161119,UNRESOLVED
Point Set,326C234ThinF,326,C234ThinF,True,5,5,20151112_162759;20151112_162843;20151112_162909;20151112_162940;20151112_163036,UNRESOLVED
Point Set,328C222ThinF,328,C222ThinF,True,5,5,20151115_150057;20151115_150728;20151115_150925;20151115_151015;20151115_151211,UNRESOLVED
Point Set,329C146P107ThinF,329,C146P107ThinF,True,5,5,20151018_134554;20151018_135703;20151018_135846;20151018_140044;20151018_140342,UNRESOLVED
Point Set,330C147P108ThinF,330,C147P108ThinF,True,5,5,20151115_092605;20151115_092900;20151115_095606;20151115_101156;20151115_101317,UNRESOLVED
Point Set,331C148P109ThinF,331,C148P109ThinF,True,5,5,20151115_112253;20151115_112333;20151115_112445;20151115_112538;20151115_112855,UNRESOLVED
Point Set,332C149P110ThinF,332,C149P110ThinF,True,5,5,20151115_114555;20151115_114629;20151115_114729;20151115_114910;20151115_115154,UNRESOLVED
Point Set,333C150P111ThinF,333,C150P111ThinF,True,5,5,20151115_115805;20151115_115922;20151115_115950;20151115_120029;20151115_120244,UNRESOLVED
Point Set,334C151P112ThinF,334,C151P112ThinF,True,5,5,20151115_121644;20151115_121725;20151115_121843;20151115_121942;20151115_122342,UNRESOLVED
Point Set,335C152P113ThinF,335,C152P113ThinF,True,5,5,20151115_123837;20151115_124032;20151115_124217;20151115_124323;20151115_124557,UNRESOLVED
Point Set,336C153P114ThinF,336,C153P114ThinF,True,5,5,20151115_135639;20151115_135746;20151115_135832;20151115_135911;20151115_140242,UNRESOLVED
Point Set,337C154P115ThinF,337,C154P115ThinF,True,5,5,20151115_141336;20151115_141407;20151115_141507;20151115_141543;20151115_141621,UNRESOLVED
Point Set,338C155P116ThinF,338,C155P116ThinF,True,5,5,20151115_142526;20151115_142805;20151115_142836;20151115_143051;20151115_143125,UNRESOLVED
Point Set,339C156P117ThinF,339,C156P117ThinF,True,5,5,20151115_153831;20151115_154022;20151115_154313;20151115_154435;20151115_155104,UNRESOLVED
Point Set,340C157P118ThinF,340,C157P118ThinF,True,5,5,20151115_162818;20151115_163611;20151115_163759;20151115_163915;20151115_164026,UNRESOLVED
Point Set,341C158P119ThinF,341,C158P119ThinF,True,5,5,20151115_181035;20151115_181136;20151115_181436;20151115_181558;20151115_181859,UNRESOLVED
Point Set,342C159P120ThinF,342,C159P120ThinF,True,5,5,20151115_185541;20151115_190002;20151115_190421;20151115_190642;20151115_190812,UNRESOLVED
Point Set,344C161P122ThinF,344,C161P122ThinF,True,5,5,20151116_100724;20151116_100840;20151116_100959;20151116_101059;20151116_101126,UNRESOLVED
Point Set,345C162P123ThinF,345,C162P123ThinF,True,5,5,20151116_102655;20151116_102751;20151116_104114;20151116_104342;20151116_104451,UNRESOLVED
Point Set,346C163P124ThinF,346,C163P124ThinF,True,5,5,20151116_110818;20151116_110921;20151116_111147;20151116_111742;20151116_111925,UNRESOLVED
Point Set,347C164P125ThinF,347,C164P125ThinF,True,5,5,20151116_113550;20151116_113651;20151116_113954;20151116_114404;20151116_115112,UNRESOLVED
Point Set,348C165P126ThinF,348,C165P126ThinF,True,5,5,20151117_164432;20151117_171006;20151117_171646;20151117_172356;20151117_172859,UNRESOLVED
Point Set,349C45P6ThinF,349,C45P6ThinF,True,5,5,20151130_154725;20151130_155011;20151130_155110;20151130_160135;20151130_160241,UNRESOLVED
Point Set,350C46P7ThinF,350,C46P7ThinF,True,5,5,20151130_205558;20151130_205719;20151130_205756;20151130_205828;20151130_210123,UNRESOLVED
Point Set,351C166P127ThinF,351,C166P127ThinF,True,5,5,20151117_193235;20151117_193931;20151117_194147;20151117_194410;20151117_194932,UNRESOLVED
Point Set,352C167P128ReThinF,352,C167P128ReThinF,True,5,5,20151201_105102;20151201_105354;20151201_105559;20151201_105707;20151201_110011,UNRESOLVED
Point Set,353C168P129ThinF,353,C168P129ThinF,True,5,5,20151118_153739;20151118_154126;20151118_154651;20151118_155802;20151118_160516,UNRESOLVED
Point Set,355C170P131ThinF,355,C170P131ThinF,True,5,5,20151119_115918;20151119_120019;20151119_120111;20151119_120150;20151119_120233,UNRESOLVED
Point Set,356C171P132ThinF,356,C171P132ThinF,True,5,5,20151119_152913;20151119_153150;20151119_153347;20151119_153425;20151119_153512,UNRESOLVED
Point Set,357C172P133ThinF,357,C172P133ThinF,True,5,5,20151119_154936;20151119_155019;20151119_155156;20151119_155307;20151119_155343,UNRESOLVED
Point Set,358C173P134NThinF,358,C173P134NThinF,True,5,5,20151130_115339;20151130_115733;20151130_120046;20151130_125408;20151130_125501,UNRESOLVED
Point Set,359C174P135NThinF,359,C174P135NThinF,True,5,5,20151127_135311;20151127_135342;20151127_135435;20151127_135512;20151127_135554,UNRESOLVED
Point Set,360C175P136NThinF,360,C175P136NThinF,True,5,5,20151127_141253;20151127_141325;20151127_141428;20151127_142009;20151127_142326,UNRESOLVED
Point Set,361C176P137NThinF,361,C176P137NThinF,True,5,4,20151201_114035;20151201_120845;20151201_121303;20151201_121724;20151201_121808,UNRESOLVED
Point Set,363C178P139NThinF,363,C178P139NThinF,True,5,5,20151201_151903;20151201_153246;20151201_153846;20151201_154025;20151201_154337,UNRESOLVED
Point Set,364C179P140ThinF,364,C179P140ThinF,True,5,5,20151127_153350;20151127_153420;20151127_153436;20151127_153453;20151127_153521,UNRESOLVED
Point Set,365C180P141NThinF,365,C180P141NThinF,True,5,5,20151201_163702;20151201_163751;20151201_163848;20151201_164714;20151201_165423,UNRESOLVED
Point Set,366C181P142ThinF,366,C181P142ThinF,True,5,5,20151127_155722;20151127_155914;20151127_160434;20151127_160514;20151127_160539,UNRESOLVED
Point Set,367C182P143NThinF,367,C182P143NThinF,True,5,5,20151201_171836;20151201_171905;20151201_171950;20151201_172057;20151201_172216,UNRESOLVED
Point Set,368C183P144NThinF,368,C183P144NThinF,True,5,5,20151201_222119;20151201_222917;20151201_223208;20151201_223357;20151201_223431,UNRESOLVED
Point Set,369C184P145ThinF,369,C184P145ThinF,True,5,5,20151203_102405;20151203_102543;20151203_103114;20151203_103326;20151203_103637,UNRESOLVED
Point Set,370C185P146ThinF,370,C185P146ThinF,True,5,5,20151203_110344;20151203_110448;20151203_110817;20151203_110933;20151203_111121,UNRESOLVED
Point Set,371C186P147NThinF,371,C186P147NThinF,True,5,5,20151203_150132;20151203_150222;20151203_150322;20151203_150408;20151203_150557,UNRESOLVED
Point Set,373C188P149ThinF,373,C188P149ThinF,True,5,5,20151203_134209;20151203_134229;20151203_134319;20151203_134419;20151203_134449,UNRESOLVED
Point Set,374C189P150ThinF,374,C189P150ThinF,True,5,5,20151203_140809;20151203_140902;20151203_141004;20151203_141110;20151203_141308,UNRESOLVED
Point Set,375C236ThinF,375,C236ThinF,True,5,5,20151127_102115;20151127_102428;20151127_102516;20151127_102546;20151127_102635,UNRESOLVED
Point Set,376C237ThinF,376,C237ThinF,True,5,5,20151127_104748;20151127_104844;20151127_104954;20151127_105320;20151127_105345,UNRESOLVED
Point Set,378C239ThinF,378,C239ThinF,True,5,5,20151127_113008;20151127_113150;20151127_113202;20151127_113223;20151127_113253,UNRESOLVED
Point Set,379C240ThinF,379,C240ThinF,True,5,5,20151127_115223;20151127_115247;20151127_115306;20151127_115328;20151127_115545,UNRESOLVED
Point Set,380C241NThinF,380,C241NThinF,True,5,5,20151207_124030;20151207_124115;20151207_124208;20151207_124240;20151207_124358,UNRESOLVED
