polygon_patient_id,cell_patient_candidate,transformation,match_status,evidence,cell_dataset_present,cell_split,cell_class_records,polygon_images,polygon_RBC,polygon_parasitized_RBC,polygon_uninfected_RBC
142C38P3thinF_original,C38P3thinF_original,remove leading decimal digits before C (candidate only),UNRESOLVED,Official workbook directory suffix; 5/5 matching acquisition filename stems in official cell mapping. No documented cross-source mapping or image-content localization.,True,,"{""parasitized"": 6, ""uninfected"": 69}",5,1004,5,999
146C47P8thin_Original_Motic,C47P8thin_Original_Motic,remove leading decimal digits before C (candidate only),UNRESOLVED,Official workbook directory suffix; 5/5 matching acquisition filename stems in official cell mapping. No documented cross-source mapping or image-content localization.,True,,"{""parasitized"": 8, ""uninfected"": 69}",5,948,9,939
150C49P10thinF,C49P10thinF,remove leading decimal digits before C (candidate only),UNRESOLVED,Official workbook directory suffix; 5/5 matching acquisition filename stems in official cell mapping. No documented cross-source mapping or image-content localization.,True,,"{""parasitized"": 37, ""uninfected"": 67}",5,1151,43,1108
153C52P13thinF,C52P13thinF,remove leading decimal digits before C (candidate only),UNRESOLVED,Official workbook directory suffix; 5/5 matching acquisition filename stems in official cell mapping. No documented cross-source mapping or image-content localization.,True,,"{""parasitized"": 37, ""uninfected"": 70}",5,916,30,886
156C55P16thinF,C55P16thinF,remove leading decimal digits before C (candidate only),UNRESOLVED,Official workbook directory suffix; 5/5 matching acquisition filename stems in official cell mapping. No documented cross-source mapping or image-content localization.,True,,"{""parasitized"": 4, ""uninfected"": 71}",5,896,3,893
158C57P18thinF,C57P18thinF,remove leading decimal digits before C (candidate only),UNRESOLVED,Official workbook directory suffix; 5/5 matching acquisition filename stems in official cell mapping. No documented cross-source mapping or image-content localization.,True,,"{""parasitized"": 5, ""uninfected"": 68}",5,1145,5,1140
208C67P28N_ThinF,C67P28N_ThinF,remove leading decimal digits before C (candidate only),UNRESOLVED,Official workbook directory suffix; 5/5 matching acquisition filename stems in official cell mapping. No documented cross-source mapping or image-content localization.,True,,"{""parasitized"": 63, ""uninfected"": 67}",5,1195,42,1153
209C68P29N_ThinF,C68P29N_ThinF,remove leading decimal digits before C (candidate only),UNRESOLVED,Official workbook directory suffix; 5/5 matching acquisition filename stems in official cell mapping. No documented cross-source mapping or image-content localization.,True,,"{""parasitized"": 633, ""uninfected"": 69}",5,992,349,643
211C70P31_ThinF,C70P31_ThinF,remove leading decimal digits before C (candidate only),UNRESOLVED,Official workbook directory suffix; 5/5 matching acquisition filename stems in official cell mapping. No documented cross-source mapping or image-content localization.,True,,"{""parasitized"": 229, ""uninfected"": 76}",5,500,69,431
212C71P32_ThinF,C71P32_ThinF,remove leading decimal digits before C (candidate only),UNRESOLVED,Official workbook directory suffix; 5/5 matching acquisition filename stems in official cell mapping. No documented cross-source mapping or image-content localization.,True,,"{""parasitized"": 9, ""uninfected"": 70}",5,1169,10,1159
221C79P40ThinF,C79P40ThinF,remove leading decimal digits before C (candidate only),UNRESOLVED,Official workbook directory suffix; 5/5 matching acquisition filename stems in official cell mapping. No documented cross-source mapping or image-content localization.,True,,"{""parasitized"": 7, ""uninfected"": 69}",5,771,4,767
228C86P47ThinF,C86P47ThinF,remove leading decimal digits before C (candidate only),UNRESOLVED,Official workbook directory suffix; 5/5 matching acquisition filename stems in official cell mapping. No documented cross-source mapping or image-content localization.,True,,"{""parasitized"": 4, ""uninfected"": 68}",5,1240,4,1236
231C89P50ThinF,C89P50ThinF,remove leading decimal digits before C (candidate only),UNRESOLVED,Official workbook directory suffix; 5/5 matching acquisition filename stems in official cell mapping. No documented cross-source mapping or image-content localization.,True,,"{""parasitized"": 67, ""uninfected"": 70}",5,1081,58,1023
236C94P55ThinF,C94P55ThinF,remove leading decimal digits before C (candidate only),UNRESOLVED,Official workbook directory suffix; 5/5 matching acquisition filename stems in official cell mapping. No documented cross-source mapping or image-content localization.,True,,"{""parasitized"": 9, ""uninfected"": 70}",5,1262,10,1252
244C7NthinF,C7NthinF,remove leading decimal digits before C (candidate only),UNRESOLVED,Official workbook directory suffix; 5/5 matching acquisition filename stems in official cell mapping. No documented cross-source mapping or image-content localization.,True,,"{""parasitized"": 0, ""uninfected"": 67}",5,1029,0,1029
247C99P60ThinF,C99P60ThinF,remove leading decimal digits before C (candidate only),UNRESOLVED,Official workbook directory suffix; 5/5 matching acquisition filename stems in official cell mapping. No documented cross-source mapping or image-content localization.,True,,"{""parasitized"": 564, ""uninfected"": 68}",5,847,313,534
263C115P76ThinF,C115P76ThinF,remove leading decimal digits before C (candidate only),UNRESOLVED,Official workbook directory suffix; 5/5 matching acquisition filename stems in official cell mapping. No documented cross-source mapping or image-content localization.,True,,"{""parasitized"": 13, ""uninfected"": 65}",5,1204,13,1191
270C122P83ThinF,C122P83ThinF,remove leading decimal digits before C (candidate only),UNRESOLVED,Official workbook directory suffix; 5/5 matching acquisition filename stems in official cell mapping. No documented cross-source mapping or image-content localization.,True,,"{""parasitized"": 6, ""uninfected"": 69}",5,798,3,795
274C126P87ThinF,C126P87ThinF,remove leading decimal digits before C (candidate only),UNRESOLVED,Official workbook directory suffix; 5/5 matching acquisition filename stems in official cell mapping. No documented cross-source mapping or image-content localization.,True,,"{""parasitized"": 51, ""uninfected"": 69}",5,700,22,678
276C128P89ThinF,C128P89ThinF,remove leading decimal digits before C (candidate only),UNRESOLVED,Official workbook directory suffix; 5/5 matching acquisition filename stems in official cell mapping. No documented cross-source mapping or image-content localization.,True,,"{""parasitized"": 136, ""uninfected"": 70}",5,839,86,753
282C134P95ThinF,C134P95ThinF,remove leading decimal digits before C (candidate only),UNRESOLVED,Official workbook directory suffix; 5/5 matching acquisition filename stems in official cell mapping. No documented cross-source mapping or image-content localization.,True,,"{""parasitized"": 28, ""uninfected"": 70}",5,623,10,613
302C210ThinF,C210ThinF,remove leading decimal digits before C (candidate only),UNRESOLVED,Official workbook directory suffix; 5/5 matching acquisition filename stems in official cell mapping. No documented cross-source mapping or image-content localization.,True,,"{""parasitized"": 0, ""uninfected"": 68}",5,1307,0,1307
305C212ThinF,C212ThinF,remove leading decimal digits before C (candidate only),UNRESOLVED,Official workbook directory suffix; 5/5 matching acquisition filename stems in official cell mapping. No documented cross-source mapping or image-content localization.,True,,"{""parasitized"": 0, ""uninfected"": 68}",5,1412,0,1412
306C213ThinF,C213ThinF,remove leading decimal digits before C (candidate only),UNRESOLVED,Official workbook directory suffix; 5/5 matching acquisition filename stems in official cell mapping. No documented cross-source mapping or image-content localization.,True,,"{""parasitized"": 0, ""uninfected"": 69}",5,1303,0,1303
309C216ThinF,C216ThinF,remove leading decimal digits before C (candidate only),UNRESOLVED,Official workbook directory suffix; 5/5 matching acquisition filename stems in official cell mapping. No documented cross-source mapping or image-content localization.,True,,"{""parasitized"": 0, ""uninfected"": 68}",5,1257,0,1257
318C226ThinF,C226ThinF,remove leading decimal digits before C (candidate only),UNRESOLVED,Official workbook directory suffix; 5/5 matching acquisition filename stems in official cell mapping. No documented cross-source mapping or image-content localization.,True,,"{""parasitized"": 0, ""uninfected"": 68}",5,1343,0,1343
323C231ThinF,C231ThinF,remove leading decimal digits before C (candidate only),UNRESOLVED,Official workbook directory suffix; 5/5 matching acquisition filename stems in official cell mapping. No documented cross-source mapping or image-content localization.,True,,"{""parasitized"": 0, ""uninfected"": 70}",5,1081,0,1081
327C235ThinF,C235ThinF,remove leading decimal digits before C (candidate only),UNRESOLVED,Official workbook directory suffix; 5/5 matching acquisition filename stems in official cell mapping. No documented cross-source mapping or image-content localization.,True,,"{""parasitized"": 0, ""uninfected"": 68}",5,1519,0,1519
343C160P121ThinF,C160P121ThinF,remove leading decimal digits before C (candidate only),UNRESOLVED,Official workbook directory suffix; 5/5 matching acquisition filename stems in official cell mapping. No documented cross-source mapping or image-content localization.,True,,"{""parasitized"": 5, ""uninfected"": 68}",5,756,3,753
354C169P130ThinF,C169P130ThinF,remove leading decimal digits before C (candidate only),UNRESOLVED,Official workbook directory suffix; 5/5 matching acquisition filename stems in official cell mapping. No documented cross-source mapping or image-content localization.,True,,"{""parasitized"": 10, ""uninfected"": 72}",5,1189,7,1182
362C177P138NThinF,C177P138NThinF,remove leading decimal digits before C (candidate only),UNRESOLVED,Official workbook directory suffix; 5/5 matching acquisition filename stems in official cell mapping. No documented cross-source mapping or image-content localization.,True,,"{""parasitized"": 41, ""uninfected"": 71}",5,999,30,969
372C187P148NThinF,C187P148NThinF,remove leading decimal digits before C (candidate only),UNRESOLVED,Official workbook directory suffix; 5/5 matching acquisition filename stems in official cell mapping. No documented cross-source mapping or image-content localization.,True,,"{""parasitized"": 21, ""uninfected"": 70}",5,794,14,780
377C238NThinF,C238NThinF,remove leading decimal digits before C (candidate only),UNRESOLVED,Official workbook directory suffix; 5/5 matching acquisition filename stems in official cell mapping. No documented cross-source mapping or image-content localization.,True,,"{""parasitized"": 0, ""uninfected"": 70}",5,943,0,943
