full_smear_patient_id,canonical_patient_id,split,image_count,polygon_count,rbc_parasitized,rbc_uninfected,wbc
142C38P3thinF_original,C38P3thinF_original,TRAIN,5,1004,5,999,0
146C47P8thin_Original_Motic,C47P8thin_Original_Motic,TRAIN,5,949,9,939,1
150C49P10thinF,C49P10thinF,TEST,5,1151,43,1108,0
153C52P13thinF,C52P13thinF,VAL,5,916,30,886,0
156C55P16thinF,C55P16thinF,TRAIN,5,897,3,893,1
158C57P18thinF,C57P18thinF,VAL,5,1147,5,1140,2
208C67P28N_ThinF,C67P28N_ThinF,TRAIN,5,1195,42,1153,0
209C68P29N_ThinF,C68P29N_ThinF,TRAIN,5,995,349,643,3
211C70P31_ThinF,C70P31_ThinF,TRAIN,5,504,69,431,4
212C71P32_ThinF,C71P32_ThinF,TRAIN,5,1169,10,1159,0
221C79P40ThinF,C79P40ThinF,TRAIN,5,771,4,767,0
228C86P47ThinF,C86P47ThinF,TRAIN,5,1240,4,1236,0
231C89P50ThinF,C89P50ThinF,TRAIN,5,1083,58,1023,2
236C94P55ThinF,C94P55ThinF,TRAIN,5,1263,10,1252,1
244C7NthinF,C7NthinF,TRAIN,5,1032,0,1029,3
247C99P60ThinF,C99P60ThinF,TRAIN,5,849,313,534,2
263C115P76ThinF,C115P76ThinF,TRAIN,5,1206,13,1191,2
270C122P83ThinF,C122P83ThinF,TRAIN,5,798,3,795,0
274C126P87ThinF,C126P87ThinF,TRAIN,5,701,22,678,1
276C128P89ThinF,C128P89ThinF,TRAIN,5,840,86,753,1
282C134P95ThinF,C134P95ThinF,TRAIN,5,627,10,613,4
302C210ThinF,C210ThinF,TRAIN,5,1311,0,1307,4
305C212ThinF,C212ThinF,TRAIN,5,1414,0,1412,2
306C213ThinF,C213ThinF,TRAIN,5,1305,0,1303,2
309C216ThinF,C216ThinF,TRAIN,5,1259,0,1257,2
318C226ThinF,C226ThinF,TRAIN,5,1344,0,1343,1
323C231ThinF,C231ThinF,TRAIN,5,1085,0,1081,4
327C235ThinF,C235ThinF,TEST,5,1520,0,1519,1
343C160P121ThinF,C160P121ThinF,TRAIN,5,756,3,753,0
354C169P130ThinF,C169P130ThinF,TEST,5,1190,7,1182,1
362C177P138NThinF,C177P138NThinF,TRAIN,5,1004,30,969,5
372C187P148NThinF,C187P148NThinF,TRAIN,5,794,14,780,0
377C238NThinF,C238NThinF,TRAIN,5,945,0,943,2
