full_smear_patient_id,canonical_patient_id,set,cell_reference_split,smear_split,image_count
142C38P3thinF_original,C38P3thinF_original,Polygon,TRAIN,TRAIN,5
146C47P8thin_Original_Motic,C47P8thin_Original_Motic,Polygon,TRAIN,TRAIN,5
150C49P10thinF,C49P10thinF,Polygon,TEST,TEST,5
153C52P13thinF,C52P13thinF,Polygon,VAL,VAL,5
156C55P16thinF,C55P16thinF,Polygon,TRAIN,TRAIN,5
158C57P18thinF,C57P18thinF,Polygon,VAL,VAL,5
208C67P28N_ThinF,C67P28N_ThinF,Polygon,TRAIN,TRAIN,5
209C68P29N_ThinF,C68P29N_ThinF,Polygon,TRAIN,TRAIN,5
211C70P31_ThinF,C70P31_ThinF,Polygon,TRAIN,TRAIN,5
212C71P32_ThinF,C71P32_ThinF,Polygon,TRAIN,TRAIN,5
221C79P40ThinF,C79P40ThinF,Polygon,TRAIN,TRAIN,5
228C86P47ThinF,C86P47ThinF,Polygon,TRAIN,TRAIN,5
231C89P50ThinF,C89P50ThinF,Polygon,TRAIN,TRAIN,5
236C94P55ThinF,C94P55ThinF,Polygon,TRAIN,TRAIN,5
244C7NthinF,C7NthinF,Polygon,TRAIN,TRAIN,5
247C99P60ThinF,C99P60ThinF,Polygon,TRAIN,TRAIN,5
263C115P76ThinF,C115P76ThinF,Polygon,TRAIN,TRAIN,5
270C122P83ThinF,C122P83ThinF,Polygon,TRAIN,TRAIN,5
274C126P87ThinF,C126P87ThinF,Polygon,TRAIN,TRAIN,5
276C128P89ThinF,C128P89ThinF,Polygon,TRAIN,TRAIN,5
282C134P95ThinF,C134P95ThinF,Polygon,TRAIN,TRAIN,5
302C210ThinF,C210ThinF,Polygon,TRAIN,TRAIN,5
305C212ThinF,C212ThinF,Polygon,TRAIN,TRAIN,5
306C213ThinF,C213ThinF,Polygon,TRAIN,TRAIN,5
309C216ThinF,C216ThinF,Polygon,TRAIN,TRAIN,5
318C226ThinF,C226ThinF,Polygon,TRAIN,TRAIN,5
323C231ThinF,C231ThinF,Polygon,TRAIN,TRAIN,5
327C235ThinF,C235ThinF,Polygon,TEST,TEST,5
343C160P121ThinF,C160P121ThinF,Polygon,TRAIN,TRAIN,5
354C169P130ThinF,C169P130ThinF,Polygon,TEST,TEST,5
362C177P138NThinF,C177P138NThinF,Polygon,TRAIN,TRAIN,5
372C187P148NThinF,C187P148NThinF,Polygon,TRAIN,TRAIN,5
377C238NThinF,C238NThinF,Polygon,TRAIN,TRAIN,5
143C39P4thinF_original,C39P4thinF_original,Point,VAL,VAL,5
144C3thin_original,C3thin_original,Point,TRAIN,TRAIN,5
145C42P5thin_original,C42P5thin_original,Point,TRAIN,TRAIN,5
147C4thin_original,C4thin_original,Point,TRAIN,TRAIN,5
148C47P8thinOriginalOlympusCX21,C47P8thinOriginalOlympusCX21,Point,TRAIN,TRAIN,5
149C48P9thinF,C48P9thinF,Point,TRAIN,TRAIN,5
151C50P11thinF,C50P11thinF,Point,TEST,TEST,5
152C51AP12thinF,C51AP12thinF,Point,VAL,VAL,5
154C53P14thinF,C53P14thinF,Point,TRAIN,TRAIN,5
155C54P15thinF,C54P15thinF,Point,TRAIN,TRAIN,5
157C56P17thinF,C56P17thinF,Point,TEST,TEST,5
159C58P19thinF,C58P19thinF,Point,TRAIN,TRAIN,5
200C59P20thinF,C59P20thinF,Point,TRAIN,TRAIN,5
201C60P21thinF,C60P21thinF,Point,TRAIN,TRAIN,5
202C61P22N_ThinF,C61P22N_ThinF,Point,TRAIN,TRAIN,5
203C62P23N_ThinF,C62P23N_ThinF,Point,TRAIN,TRAIN,5
204C63P24N_ThinF,C63P24N_ThinF,Point,TRAIN,TRAIN,5
205C64P25N_ThinF,C64P25N_ThinF,Point,TRAIN,TRAIN,5
206C65P26N_ThinF,C65P26N_ThinF,Point,VAL,VAL,5
207C66P27N_ThinF,C66P27N_ThinF,Point,TRAIN,TRAIN,5
210C69P30N_ThinF,C69P30N_ThinF,Point,TRAIN,TRAIN,5
213C72P33_ThinF,C72P33_ThinF,Point,TRAIN,TRAIN,5
214C73P34_ThinF,C73P34_ThinF,Point,TRAIN,TRAIN,5
215C74P35_ThinF,C74P35_ThinF,Point,TRAIN,TRAIN,5
216C75P36_ThinF,C75P36_ThinF,Point,TRAIN,TRAIN,5
218C76P37ThinF,C76P37ThinF,Point,TRAIN,TRAIN,5
219C77P38ThinF,C77P38ThinF,Point,TRAIN,TRAIN,5
220C78P39ThinF,C78P39ThinF,Point,TRAIN,TRAIN,5
222C80P41ThinF,C80P41ThinF,Point,TEST,TEST,5
223C81P42ThinF,C81P42ThinF,Point,TRAIN,TRAIN,5
224C82P43ThinF,C82P43ThinF,Point,TRAIN,TRAIN,5
225C83P44ThinF,C83P44ThinF,Point,TRAIN,TRAIN,5
226C84P45ThinF,C84P45ThinF,Point,TRAIN,TRAIN,5
227C85P46ThinF,C85P46ThinF,Point,TRAIN,TRAIN,5
229C87P48ThinF,C87P48ThinF,Point,TEST,TEST,5
230C88P49ThinF,C88P49ThinF,Point,TRAIN,TRAIN,5
232C90P51ThinF,C90P51ThinF,Point,TRAIN,TRAIN,5
233C91P52ThinF,C91P52ThinF,Point,TRAIN,TRAIN,5
234C92P53ThinF,C92P53ThinF,Point,TRAIN,TRAIN,5
235C93P54ThinF,C93P54ThinF,Point,TRAIN,TRAIN,5
237C95P56ThinF,C95P56ThinF,Point,TRAIN,TRAIN,5
238C96P57ThinF,C96P57ThinF,Point,TRAIN,TRAIN,5
239C12NThinF,C12NThinF,Point,TRAIN,TRAIN,5
240C13NThinF,C13NThinF,Point,TRAIN,TRAIN,5
241C2NThinF,C2NThinF,Point,TRAIN,TRAIN,5
242C5NThinF,C5NThinF,Point,TRAIN,TRAIN,5
243C6NThinF,C6NThinF,Point,TRAIN,TRAIN,5
245C97P58ThinF,C97P58ThinF,Point,TRAIN,TRAIN,5
246C98P59ThinF,C98P59ThinF,Point,TEST,TEST,5
248C100P61ThinF,C100P61ThinF,Point,TRAIN,TRAIN,5
249C101P62ThinF,C101P62ThinF,Point,TRAIN,TRAIN,5
250C102P63ThinF,C102P63ThinF,Point,TRAIN,TRAIN,5
251C103P64ThinF,C103P64ThinF,Point,TRAIN,TRAIN,5
252C104P65ThinF,C104P65ThinF,Point,TRAIN,TRAIN,5
253C105P66ThinF,C105P66ThinF,Point,TEST,TEST,5
254C106P67ThinF,C106P67ThinF,Point,VAL,VAL,5
255C107P68ThinF,C107P68ThinF,Point,TRAIN,TRAIN,5
256C108P69ThinF,C108P69ThinF,Point,TRAIN,TRAIN,5
257C109P70ThinF,C109P70ThinF,Point,TRAIN,TRAIN,5
258C110P71ThinF,C110P71ThinF,Point,TRAIN,TRAIN,5
259C111P72ThinF,C111P72ThinF,Point,TRAIN,TRAIN,5
260C112P73ThinF,C112P73ThinF,Point,VAL,VAL,5
261C113P74ThinF,C113P74ThinF,Point,VAL,VAL,5
262C114P75ThinF,C114P75ThinF,Point,TRAIN,TRAIN,5
264C116P77ThinF,C116P77ThinF,Point,TRAIN,TRAIN,5
265C117P78ThinF,C117P78ThinF,Point,TRAIN,TRAIN,5
266C118P79ThinF,C118P79ThinF,Point,TRAIN,TRAIN,5
267C119P80ThinF,C119P80ThinF,Point,TRAIN,TRAIN,5
268C120P81ThinF,C120P81ThinF,Point,TRAIN,TRAIN,5
269C121P82ThinF,C121P82ThinF,Point,TRAIN,TRAIN,5
271C123P84ThinF,C123P84ThinF,Point,TRAIN,TRAIN,5
272C124P85ThinF,C124P85ThinF,Point,TRAIN,TRAIN,5
273C125P86ThinF,C125P86ThinF,Point,TRAIN,TRAIN,5
275C127P88ThinF,C127P88ThinF,Point,TRAIN,TRAIN,5
277C129P90ThinF,C129P90ThinF,Point,TRAIN,TRAIN,5
278C130P91ThinF,C130P91ThinF,Point,TRAIN,TRAIN,5
279C131P92ThinF,C131P92ThinF,Point,VAL,VAL,5
280C132P93ThinF,C132P93ThinF,Point,TRAIN,TRAIN,5
281C133P94ThinF,C133P94ThinF,Point,TRAIN,TRAIN,5
283C135P96ThinF,C135P96ThinF,Point,TRAIN,TRAIN,5
284C136P97ThinF,C136P97ThinF,Point,TRAIN,TRAIN,5
285C137P98ThinF,C137P98ThinF,Point,TRAIN,TRAIN,5
286C138P99ThinF,C138P99ThinF,Point,TRAIN,TRAIN,5
287C139P100ThinF,C139P100ThinF,Point,TEST,TEST,5
288C140P101ThinF,C140P101ThinF,Point,TEST,TEST,5
289C141P102ThinF,C141P102ThinF,Point,TRAIN,TRAIN,5
290C142P103ThinF,C142P103ThinF,Point,TRAIN,TRAIN,5
291C143P104ThinF,C143P104ThinF,Point,TRAIN,TRAIN,5
292C144P105ThinF,C144P105ThinF,Point,TEST,TEST,5
293C145P106ThinF,C145P106ThinF,Point,TEST,TEST,5
294C201ThinF,C201ThinF,Point,TRAIN,TRAIN,5
295C202ThinF,C202ThinF,Point,TRAIN,TRAIN,5
300C208ThinF,C208ThinF,Point,TEST,TEST,5
303C205ThinF,C205ThinF,Point,TRAIN,TRAIN,5
304C211ThinF,C211ThinF,Point,TRAIN,TRAIN,5
307C214ThinF,C214ThinF,Point,TRAIN,TRAIN,5
308C215ThinF,C215ThinF,Point,TRAIN,TRAIN,5
310C217ThinF,C217ThinF,Point,TRAIN,TRAIN,5
311C218ThinF,C218ThinF,Point,TRAIN,TRAIN,5
312C219ThinF,C219ThinF,Point,TRAIN,TRAIN,5
313C220ThinF,C220ThinF,Point,VAL,VAL,5
314C221ThinF,C221ThinF,Point,TEST,TEST,5
315C223ThinF,C223ThinF,Point,TRAIN,TRAIN,5
316C224ThinF,C224ThinF,Point,TRAIN,TRAIN,5
317C225ThinF,C225ThinF,Point,TRAIN,TRAIN,5
319C227ThinF,C227ThinF,Point,TRAIN,TRAIN,5
320C228ThinF,C228ThinF,Point,VAL,VAL,5
321C229ThinF,C229ThinF,Point,VAL,VAL,5
322C230ThinF,C230ThinF,Point,TRAIN,TRAIN,5
324C232ThinF,C232ThinF,Point,TRAIN,TRAIN,5
325C233ThinF,C233ThinF,Point,TRAIN,TRAIN,5
326C234ThinF,C234ThinF,Point,TRAIN,TRAIN,5
328C222ThinF,C222ThinF,Point,TRAIN,TRAIN,5
329C146P107ThinF,C146P107ThinF,Point,TRAIN,TRAIN,5
330C147P108ThinF,C147P108ThinF,Point,TRAIN,TRAIN,5
331C148P109ThinF,C148P109ThinF,Point,TRAIN,TRAIN,5
332C149P110ThinF,C149P110ThinF,Point,TRAIN,TRAIN,5
333C150P111ThinF,C150P111ThinF,Point,TRAIN,TRAIN,5
334C151P112ThinF,C151P112ThinF,Point,VAL,VAL,5
335C152P113ThinF,C152P113ThinF,Point,TRAIN,TRAIN,5
336C153P114ThinF,C153P114ThinF,Point,TRAIN,TRAIN,5
337C154P115ThinF,C154P115ThinF,Point,TRAIN,TRAIN,5
338C155P116ThinF,C155P116ThinF,Point,TRAIN,TRAIN,5
339C156P117ThinF,C156P117ThinF,Point,TRAIN,TRAIN,5
340C157P118ThinF,C157P118ThinF,Point,TRAIN,TRAIN,5
341C158P119ThinF,C158P119ThinF,Point,TRAIN,TRAIN,5
342C159P120ThinF,C159P120ThinF,Point,TRAIN,TRAIN,5
344C161P122ThinF,C161P122ThinF,Point,TEST,TEST,5
345C162P123ThinF,C162P123ThinF,Point,TRAIN,TRAIN,5
346C163P124ThinF,C163P124ThinF,Point,VAL,VAL,5
347C164P125ThinF,C164P125ThinF,Point,TRAIN,TRAIN,5
348C165P126ThinF,C165P126ThinF,Point,TRAIN,TRAIN,5
349C45P6ThinF,C45P6ThinF,Point,VAL,VAL,5
350C46P7ThinF,C46P7ThinF,Point,TRAIN,TRAIN,5
351C166P127ThinF,C166P127ThinF,Point,TRAIN,TRAIN,5
352C167P128ReThinF,C167P128ReThinF,Point,VAL,VAL,5
353C168P129ThinF,C168P129ThinF,Point,VAL,VAL,5
355C170P131ThinF,C170P131ThinF,Point,TRAIN,TRAIN,5
356C171P132ThinF,C171P132ThinF,Point,TRAIN,TRAIN,5
357C172P133ThinF,C172P133ThinF,Point,TRAIN,TRAIN,5
358C173P134NThinF,C173P134NThinF,Point,TRAIN,TRAIN,5
359C174P135NThinF,C174P135NThinF,Point,VAL,VAL,5
360C175P136NThinF,C175P136NThinF,Point,TRAIN,TRAIN,5
361C176P137NThinF,C176P137NThinF,Point,TRAIN,TRAIN,5
363C178P139NThinF,C178P139NThinF,Point,TRAIN,TRAIN,5
364C179P140ThinF,C179P140ThinF,Point,TRAIN,TRAIN,5
365C180P141NThinF,C180P141NThinF,Point,TRAIN,TRAIN,5
366C181P142ThinF,C181P142ThinF,Point,TRAIN,TRAIN,5
367C182P143NThinF,C182P143NThinF,Point,TRAIN,TRAIN,5
368C183P144NThinF,C183P144NThinF,Point,TEST,TEST,5
369C184P145ThinF,C184P145ThinF,Point,TEST,TEST,5
370C185P146ThinF,C185P146ThinF,Point,TRAIN,TRAIN,5
371C186P147NThinF,C186P147NThinF,Point,TRAIN,TRAIN,5
373C188P149ThinF,C188P149ThinF,Point,TRAIN,TRAIN,5
374C189P150ThinF,C189P150ThinF,Point,TRAIN,TRAIN,5
375C236ThinF,C236ThinF,Point,TEST,TEST,5
376C237ThinF,C237ThinF,Point,VAL,VAL,5
378C239ThinF,C239ThinF,Point,TRAIN,TRAIN,5
379C240ThinF,C240ThinF,Point,TRAIN,TRAIN,5
380C241NThinF,C241NThinF,Point,TEST,TEST,5
