source_table,target_table,action,source_primary_key,target_primary_key,identity_policy,rule,original_payload,blocker
alembic_version,alembic_version,KEEP,version_num,,Head anterior archivado; transición explícita,"Conservar revisión legacy en archivo; transición condicionada por reconciliación y catálogo, dentro de transacción",Archivo privado íntegro y hash por tabla/fila; no publicar credenciales,"Cualquier deriva de esquema, conflicto, evidencia incompleta o catálogo final distinto"
artifacts,artifacts,KEEP,id,id,PK original en tabla y archivo,Preservar todas las columnas originales; columnas nuevas sólo según contrato; FK/checks finales obligatorios,Archivo privado íntegro y hash por tabla/fila; no publicar credenciales,"Cualquier deriva de esquema, conflicto, evidencia incompleta o catálogo final distinto"
assessment_artifacts,assessment_artifacts,KEEP,attempt_id|sample_id|role,attempt_id|sample_id|role,PK original en tabla y archivo,Preservar todas las columnas originales; columnas nuevas sólo según contrato; FK/checks finales obligatorios,Archivo privado íntegro y hash por tabla/fila; no publicar credenciales,"Cualquier deriva de esquema, conflicto, evidencia incompleta o catálogo final distinto"
assessment_attempts,assessment_attempts,KEEP,id,id,PK original en tabla y archivo,Preservar todas las columnas originales; columnas nuevas sólo según contrato; FK/checks finales obligatorios,Archivo privado íntegro y hash por tabla/fila; no publicar credenciales,"Cualquier deriva de esquema, conflicto, evidencia incompleta o catálogo final distinto"
assessment_campaign_consumers,assessment_campaign_consumers,KEEP,campaign_id|member_id|identity_id,campaign_id|member_id|identity_id,PK original en tabla y archivo,Preservar todas las columnas originales; columnas nuevas sólo según contrato; FK/checks finales obligatorios,Archivo privado íntegro y hash por tabla/fila; no publicar credenciales,"Cualquier deriva de esquema, conflicto, evidencia incompleta o catálogo final distinto"
assessment_final_locks,assessment_final_locks,KEEP,id,id,PK original en tabla y archivo,Preservar todas las columnas originales; columnas nuevas sólo según contrato; FK/checks finales obligatorios,Archivo privado íntegro y hash por tabla/fila; no publicar credenciales,"Cualquier deriva de esquema, conflicto, evidencia incompleta o catálogo final distinto"
assessment_identities,assessment_identities,KEEP,id,id,PK original en tabla y archivo,Preservar todas las columnas originales; columnas nuevas sólo según contrato; FK/checks finales obligatorios,Archivo privado íntegro y hash por tabla/fila; no publicar credenciales,"Cualquier deriva de esquema, conflicto, evidencia incompleta o catálogo final distinto"
assessment_results,assessment_results,REFACTOR,attempt_id|sample_id,attempt_id|sample_id,PK original en tabla y archivo,Preservar todas las columnas originales; columnas nuevas sólo según contrato; FK/checks finales obligatorios,Archivo privado íntegro y hash por tabla/fila; no publicar credenciales,"Cualquier deriva de esquema, conflicto, evidencia incompleta o catálogo final distinto"
audit_events,audit_events,KEEP,id,id,PK original en tabla y archivo,Preservar todas las columnas originales; columnas nuevas sólo según contrato; FK/checks finales obligatorios,Archivo privado íntegro y hash por tabla/fila; no publicar credenciales,"Cualquier deriva de esquema, conflicto, evidencia incompleta o catálogo final distinto"
blood_samples,blood_samples,KEEP,id,id,PK original en tabla y archivo,Preservar todas las columnas originales; columnas nuevas sólo según contrato; FK/checks finales obligatorios,Archivo privado íntegro y hash por tabla/fila; no publicar credenciales,"Cualquier deriva de esquema, conflicto, evidencia incompleta o catálogo final distinto"
campaign_attempts,campaign_attempts,KEEP,id,id,PK original en tabla y archivo,Preservar todas las columnas originales; columnas nuevas sólo según contrato; FK/checks finales obligatorios,Archivo privado íntegro y hash por tabla/fila; no publicar credenciales,"Cualquier deriva de esquema, conflicto, evidencia incompleta o catálogo final distinto"
campaign_configurations,campaign_configurations,REFACTOR,campaign_id|configuration_hash,campaign_id|configuration_hash,PK original en tabla y archivo,Preservar todas las columnas originales; columnas nuevas sólo según contrato; FK/checks finales obligatorios,Archivo privado íntegro y hash por tabla/fila; no publicar credenciales,"Cualquier deriva de esquema, conflicto, evidencia incompleta o catálogo final distinto"
campaign_controlled_requests,campaign_controlled_requests,KEEP,id,id,PK original en tabla y archivo,Preservar todas las columnas originales; columnas nuevas sólo según contrato; FK/checks finales obligatorios,Archivo privado íntegro y hash por tabla/fila; no publicar credenciales,"Cualquier deriva de esquema, conflicto, evidencia incompleta o catálogo final distinto"
campaign_execution_events,campaign_execution_events,KEEP,id,id,PK original en tabla y archivo,Preservar todas las columnas originales; columnas nuevas sólo según contrato; FK/checks finales obligatorios,Archivo privado íntegro y hash por tabla/fila; no publicar credenciales,"Cualquier deriva de esquema, conflicto, evidencia incompleta o catálogo final distinto"
campaign_members,campaign_members,KEEP,id,id,PK original en tabla y archivo,Preservar todas las columnas originales; columnas nuevas sólo según contrato; FK/checks finales obligatorios,Archivo privado íntegro y hash por tabla/fila; no publicar credenciales,"Cualquier deriva de esquema, conflicto, evidencia incompleta o catálogo final distinto"
campaign_technical_revisions,campaign_technical_revisions,KEEP,id,id,PK original en tabla y archivo,Preservar todas las columnas originales; columnas nuevas sólo según contrato; FK/checks finales obligatorios,Archivo privado íntegro y hash por tabla/fila; no publicar credenciales,"Cualquier deriva de esquema, conflicto, evidencia incompleta o catálogo final distinto"
cell_classification_events,cell_classification_events,KEEP,id,id,PK original en tabla y archivo,Preservar todas las columnas originales; columnas nuevas sólo según contrato; FK/checks finales obligatorios,Archivo privado íntegro y hash por tabla/fila; no publicar credenciales,"Cualquier deriva de esquema, conflicto, evidencia incompleta o catálogo final distinto"
cell_classification_inputs,cell_classification_inputs,KEEP,id,id,PK original en tabla y archivo,Preservar todas las columnas originales; columnas nuevas sólo según contrato; FK/checks finales obligatorios,Archivo privado íntegro y hash por tabla/fila; no publicar credenciales,"Cualquier deriva de esquema, conflicto, evidencia incompleta o catálogo final distinto"
cell_classification_reviews,cell_classification_reviews,KEEP,id,id,PK original en tabla y archivo,Preservar todas las columnas originales; columnas nuevas sólo según contrato; FK/checks finales obligatorios,Archivo privado íntegro y hash por tabla/fila; no publicar credenciales,"Cualquier deriva de esquema, conflicto, evidencia incompleta o catálogo final distinto"
cell_classification_runs,cell_classification_runs,KEEP,id,id,PK original en tabla y archivo,Preservar todas las columnas originales; columnas nuevas sólo según contrato; FK/checks finales obligatorios,Archivo privado íntegro y hash por tabla/fila; no publicar credenciales,"Cualquier deriva de esquema, conflicto, evidencia incompleta o catálogo final distinto"
cell_crops,cell_crops,KEEP,id,id,PK original en tabla y archivo,Preservar todas las columnas originales; columnas nuevas sólo según contrato; FK/checks finales obligatorios,Archivo privado íntegro y hash por tabla/fila; no publicar credenciales,"Cualquier deriva de esquema, conflicto, evidencia incompleta o catálogo final distinto"
cell_detection_events,cell_detection_events,KEEP,id,id,PK original en tabla y archivo,Preservar todas las columnas originales; columnas nuevas sólo según contrato; FK/checks finales obligatorios,Archivo privado íntegro y hash por tabla/fila; no publicar credenciales,"Cualquier deriva de esquema, conflicto, evidencia incompleta o catálogo final distinto"
cell_detection_runs,cell_detection_runs,KEEP,id,id,PK original en tabla y archivo,Preservar todas las columnas originales; columnas nuevas sólo según contrato; FK/checks finales obligatorios,Archivo privado íntegro y hash por tabla/fila; no publicar credenciales,"Cualquier deriva de esquema, conflicto, evidencia incompleta o catálogo final distinto"
cell_detections,cell_detections,KEEP,id,id,PK original en tabla y archivo,Preservar todas las columnas originales; columnas nuevas sólo según contrato; FK/checks finales obligatorios,Archivo privado íntegro y hash por tabla/fila; no publicar credenciales,"Cualquier deriva de esquema, conflicto, evidencia incompleta o catálogo final distinto"
cell_explanations,cell_explanations,REFACTOR,id,id,PK original en tabla y archivo,Preservar todas las columnas originales; columnas nuevas sólo según contrato; FK/checks finales obligatorios,Archivo privado íntegro y hash por tabla/fila; no publicar credenciales,"Cualquier deriva de esquema, conflicto, evidencia incompleta o catálogo final distinto"
cell_predictions,cell_predictions,KEEP,id,id,PK original en tabla y archivo,Preservar todas las columnas originales; columnas nuevas sólo según contrato; FK/checks finales obligatorios,Archivo privado íntegro y hash por tabla/fila; no publicar credenciales,"Cualquier deriva de esquema, conflicto, evidencia incompleta o catálogo final distinto"
classification_reports,run_clinical_metrics + vista classification_reports,MERGE,id,,PK original en archivo + vínculo a evaluación,Verificar clase/support/ratios contra medición única; PK y payload íntegros en archivo; vista certificada,Archivo privado íntegro y hash por tabla/fila; no publicar credenciales,"Cualquier deriva de esquema, conflicto, evidencia incompleta o catálogo final distinto"
clinical_identities,clinical_identities,PROTECTED,id,id,PK original en tabla y archivo,Preservar todas las columnas originales; columnas nuevas sólo según contrato; FK/checks finales obligatorios,Archivo privado íntegro y hash por tabla/fila; no publicar credenciales,"Cualquier deriva de esquema, conflicto, evidencia incompleta o catálogo final distinto"
confusion_matrices,run_clinical_metrics + vista confusion_matrices,MERGE,id,,PK original en archivo + vínculo a evaluación,Verificar labels y counts contra medición única; PK y payload íntegros en archivo; vista certificada,Archivo privado íntegro y hash por tabla/fila; no publicar credenciales,"Cualquier deriva de esquema, conflicto, evidencia incompleta o catálogo final distinto"
dataset_materialization_activations,dataset_materialization_activations,PROTECTED,id,id,PK original en tabla y archivo,Preservar todas las columnas originales; columnas nuevas sólo según contrato; FK/checks finales obligatorios,Archivo privado íntegro y hash por tabla/fila; no publicar credenciales,"Cualquier deriva de esquema, conflicto, evidencia incompleta o catálogo final distinto"
dataset_materializations,dataset_materializations,PROTECTED,id,id,PK original en tabla y archivo,Preservar todas las columnas originales; columnas nuevas sólo según contrato; FK/checks finales obligatorios,Archivo privado íntegro y hash por tabla/fila; no publicar credenciales,"Cualquier deriva de esquema, conflicto, evidencia incompleta o catálogo final distinto"
dataset_source_records,dataset_source_records,PROTECTED,id,id,PK original en tabla y archivo,Preservar todas las columnas originales; columnas nuevas sólo según contrato; FK/checks finales obligatorios,Archivo privado íntegro y hash por tabla/fila; no publicar credenciales,"Cualquier deriva de esquema, conflicto, evidencia incompleta o catálogo final distinto"
dataset_split_assignments,dataset_split_assignments,PROTECTED,id,id,PK original en tabla y archivo,Preservar todas las columnas originales; columnas nuevas sólo según contrato; FK/checks finales obligatorios,Archivo privado íntegro y hash por tabla/fila; no publicar credenciales,"Cualquier deriva de esquema, conflicto, evidencia incompleta o catálogo final distinto"
dataset_split_images,dataset_split_images,PROTECTED,image_id,image_id,PK original en tabla y archivo,Preservar todas las columnas originales; columnas nuevas sólo según contrato; FK/checks finales obligatorios,Archivo privado íntegro y hash por tabla/fila; no publicar credenciales,"Cualquier deriva de esquema, conflicto, evidencia incompleta o catálogo final distinto"
dataset_split_statistics,dataset_split_statistics,PROTECTED,id,id,PK original en tabla y archivo,Preservar todas las columnas originales; columnas nuevas sólo según contrato; FK/checks finales obligatorios,Archivo privado íntegro y hash por tabla/fila; no publicar credenciales,"Cualquier deriva de esquema, conflicto, evidencia incompleta o catálogo final distinto"
dataset_split_validation_checks,dataset_split_validation_checks,PROTECTED,id,id,PK original en tabla y archivo,Preservar todas las columnas originales; columnas nuevas sólo según contrato; FK/checks finales obligatorios,Archivo privado íntegro y hash por tabla/fila; no publicar credenciales,"Cualquier deriva de esquema, conflicto, evidencia incompleta o catálogo final distinto"
dataset_splits,dataset_splits,PROTECTED,id,id,PK original en tabla y archivo,Preservar todas las columnas originales; columnas nuevas sólo según contrato; FK/checks finales obligatorios,Archivo privado íntegro y hash por tabla/fila; no publicar credenciales,"Cualquier deriva de esquema, conflicto, evidencia incompleta o catálogo final distinto"
dataset_version_sources,dataset_version_sources,PROTECTED,dataset_version_id|dataset_id|role,dataset_version_id|dataset_id|role,PK original en tabla y archivo,Preservar todas las columnas originales; columnas nuevas sólo según contrato; FK/checks finales obligatorios,Archivo privado íntegro y hash por tabla/fila; no publicar credenciales,"Cualquier deriva de esquema, conflicto, evidencia incompleta o catálogo final distinto"
dataset_versions,dataset_versions,PROTECTED,id,id,PK original en tabla y archivo,Preservar todas las columnas originales; columnas nuevas sólo según contrato; FK/checks finales obligatorios,Archivo privado íntegro y hash por tabla/fila; no publicar credenciales,"Cualquier deriva de esquema, conflicto, evidencia incompleta o catálogo final distinto"
datasets,datasets,PROTECTED,id,id,PK original en tabla y archivo,Preservar todas las columnas originales; columnas nuevas sólo según contrato; FK/checks finales obligatorios,Archivo privado íntegro y hash por tabla/fila; no publicar credenciales,"Cualquier deriva de esquema, conflicto, evidencia incompleta o catálogo final distinto"
deployed_model_versions,deployed_model_versions,KEEP,id,id,PK original en tabla y archivo,Preservar todas las columnas originales; columnas nuevas sólo según contrato; FK/checks finales obligatorios,Archivo privado íntegro y hash por tabla/fila; no publicar credenciales,"Cualquier deriva de esquema, conflicto, evidencia incompleta o catálogo final distinto"
environment_packages,environment_packages,KEEP,id,id,PK original en tabla y archivo,Preservar todas las columnas originales; columnas nuevas sólo según contrato; FK/checks finales obligatorios,Archivo privado íntegro y hash por tabla/fila; no publicar credenciales,"Cualquier deriva de esquema, conflicto, evidencia incompleta o catálogo final distinto"
errors,errors,KEEP,id,id,PK original en tabla y archivo,Preservar todas las columnas originales; columnas nuevas sólo según contrato; FK/checks finales obligatorios,Archivo privado íntegro y hash por tabla/fila; no publicar credenciales,"Cualquier deriva de esquema, conflicto, evidencia incompleta o catálogo final distinto"
,evaluation_ensemble_members,NEW,,evaluation_id|ordinal,FK existente o uuid5; nunca UUID aleatorio,Miembros referenciados explícitamente; pesos y linaje verificados,Archivo privado íntegro y hash por tabla/fila; no publicar credenciales,"Cualquier deriva de esquema, conflicto, evidencia incompleta o catálogo final distinto"
,evaluations,NEW,,id,FK existente o uuid5; nunca UUID aleatorio,Contexto de evidencia explícita; cardinalidad única; UUID original o uuid5 determinista,Archivo privado íntegro y hash por tabla/fila; no publicar credenciales,"Cualquier deriva de esquema, conflicto, evidencia incompleta o catálogo final distinto"
execution_logs,execution_logs,KEEP,id,id,PK original en tabla y archivo,Preservar todas las columnas originales; columnas nuevas sólo según contrato; FK/checks finales obligatorios,Archivo privado íntegro y hash por tabla/fila; no publicar credenciales,"Cualquier deriva de esquema, conflicto, evidencia incompleta o catálogo final distinto"
experiment_execution_events,experiment_execution_events,KEEP,id,id,PK original en tabla y archivo,Preservar todas las columnas originales; columnas nuevas sólo según contrato; FK/checks finales obligatorios,Archivo privado íntegro y hash por tabla/fila; no publicar credenciales,"Cualquier deriva de esquema, conflicto, evidencia incompleta o catálogo final distinto"
experiment_execution_gate,experiment_execution_gate,KEEP,singleton,singleton,PK original en tabla y archivo,Preservar todas las columnas originales; columnas nuevas sólo según contrato; FK/checks finales obligatorios,Archivo privado íntegro y hash por tabla/fila; no publicar credenciales,"Cualquier deriva de esquema, conflicto, evidencia incompleta o catálogo final distinto"
experimental_campaigns,experimental_campaigns,KEEP,id,id,PK original en tabla y archivo,Preservar todas las columnas originales; columnas nuevas sólo según contrato; FK/checks finales obligatorios,Archivo privado íntegro y hash por tabla/fila; no publicar credenciales,"Cualquier deriva de esquema, conflicto, evidencia incompleta o catálogo final distinto"
experiments,experiments,KEEP,id,id,PK original en tabla y archivo,Preservar todas las columnas originales; columnas nuevas sólo según contrato; FK/checks finales obligatorios,Archivo privado íntegro y hash por tabla/fila; no publicar credenciales,"Cualquier deriva de esquema, conflicto, evidencia incompleta o catálogo final distinto"
explainability_results,explainability_results,REFACTOR,id,id,PK original en tabla y archivo,Preservar todas las columnas originales; columnas nuevas sólo según contrato; FK/checks finales obligatorios,Archivo privado íntegro y hash por tabla/fila; no publicar credenciales,"Cualquier deriva de esquema, conflicto, evidencia incompleta o catálogo final distinto"
identity_evidence,identity_evidence,PROTECTED,id,id,PK original en tabla y archivo,Preservar todas las columnas originales; columnas nuevas sólo según contrato; FK/checks finales obligatorios,Archivo privado íntegro y hash por tabla/fila; no publicar credenciales,"Cualquier deriva de esquema, conflicto, evidencia incompleta o catálogo final distinto"
image_analysis_jobs,image_analysis_jobs,KEEP,id,id,PK original en tabla y archivo,Preservar todas las columnas originales; columnas nuevas sólo según contrato; FK/checks finales obligatorios,Archivo privado íntegro y hash por tabla/fila; no publicar credenciales,"Cualquier deriva de esquema, conflicto, evidencia incompleta o catálogo final distinto"
image_connected_components,image_connected_components,KEEP,id,id,PK original en tabla y archivo,Preservar todas las columnas originales; columnas nuevas sólo según contrato; FK/checks finales obligatorios,Archivo privado íntegro y hash por tabla/fila; no publicar credenciales,"Cualquier deriva de esquema, conflicto, evidencia incompleta o catálogo final distinto"
image_ingestion_batches,image_ingestion_batches,KEEP,id,id,PK original en tabla y archivo,Preservar todas las columnas originales; columnas nuevas sólo según contrato; FK/checks finales obligatorios,Archivo privado íntegro y hash por tabla/fila; no publicar credenciales,"Cualquier deriva de esquema, conflicto, evidencia incompleta o catálogo final distinto"
image_quality_assessments,image_quality_assessments,KEEP,id,id,PK original en tabla y archivo,Preservar todas las columnas originales; columnas nuevas sólo según contrato; FK/checks finales obligatorios,Archivo privado íntegro y hash por tabla/fila; no publicar credenciales,"Cualquier deriva de esquema, conflicto, evidencia incompleta o catálogo final distinto"
local_execution_jobs,local_execution_jobs,KEEP,id,id,PK original en tabla y archivo,Preservar todas las columnas originales; columnas nuevas sólo según contrato; FK/checks finales obligatorios,Archivo privado íntegro y hash por tabla/fila; no publicar credenciales,"Cualquier deriva de esquema, conflicto, evidencia incompleta o catálogo final distinto"
microscopy_analysis_events,microscopy_analysis_events,KEEP,id,id,PK original en tabla y archivo,Preservar todas las columnas originales; columnas nuevas sólo según contrato; FK/checks finales obligatorios,Archivo privado íntegro y hash por tabla/fila; no publicar credenciales,"Cualquier deriva de esquema, conflicto, evidencia incompleta o catálogo final distinto"
microscopy_analysis_run_images,microscopy_analysis_run_images,KEEP,id,id,PK original en tabla y archivo,Preservar todas las columnas originales; columnas nuevas sólo según contrato; FK/checks finales obligatorios,Archivo privado íntegro y hash por tabla/fila; no publicar credenciales,"Cualquier deriva de esquema, conflicto, evidencia incompleta o catálogo final distinto"
microscopy_analysis_runs,microscopy_analysis_runs,KEEP,id,id,PK original en tabla y archivo,Preservar todas las columnas originales; columnas nuevas sólo según contrato; FK/checks finales obligatorios,Archivo privado íntegro y hash por tabla/fila; no publicar credenciales,"Cualquier deriva de esquema, conflicto, evidencia incompleta o catálogo final distinto"
microscopy_images,microscopy_images,KEEP,id,id,PK original en tabla y archivo,Preservar todas las columnas originales; columnas nuevas sólo según contrato; FK/checks finales obligatorios,Archivo privado íntegro y hash por tabla/fila; no publicar credenciales,"Cualquier deriva de esquema, conflicto, evidencia incompleta o catálogo final distinto"
model_governance_backfill_audit,model_governance_backfill_audit,KEEP,id,id,PK original en tabla y archivo,Preservar todas las columnas originales; columnas nuevas sólo según contrato; FK/checks finales obligatorios,Archivo privado íntegro y hash por tabla/fila; no publicar credenciales,"Cualquier deriva de esquema, conflicto, evidencia incompleta o catálogo final distinto"
model_versions,model_versions,KEEP,id,id,PK original en tabla y archivo,Preservar todas las columnas originales; columnas nuevas sólo según contrato; FK/checks finales obligatorios,Archivo privado íntegro y hash por tabla/fila; no publicar credenciales,"Cualquier deriva de esquema, conflicto, evidencia incompleta o catálogo final distinto"
models,models,PROTECTED,id,id,PK original en tabla y archivo,Preservar todas las columnas originales; columnas nuevas sólo según contrato; FK/checks finales obligatorios,Archivo privado íntegro y hash por tabla/fila; no publicar credenciales,"Cualquier deriva de esquema, conflicto, evidencia incompleta o catálogo final distinto"
predictions,predictions,REFACTOR,id,id,PK original en tabla y archivo,Preservar todas las columnas originales; columnas nuevas sólo según contrato; FK/checks finales obligatorios,Archivo privado íntegro y hash por tabla/fila; no publicar credenciales,"Cualquier deriva de esquema, conflicto, evidencia incompleta o catálogo final distinto"
quality_assessment_queue_items,quality_assessment_queue_items,KEEP,id,id,PK original en tabla y archivo,Preservar todas las columnas originales; columnas nuevas sólo según contrato; FK/checks finales obligatorios,Archivo privado íntegro y hash por tabla/fila; no publicar credenciales,"Cualquier deriva de esquema, conflicto, evidencia incompleta o catálogo final distinto"
quality_gate_decisions,quality_gate_decisions,KEEP,id,id,PK original en tabla y archivo,Preservar todas las columnas originales; columnas nuevas sólo según contrato; FK/checks finales obligatorios,Archivo privado íntegro y hash por tabla/fila; no publicar credenciales,"Cualquier deriva de esquema, conflicto, evidencia incompleta o catálogo final distinto"
research_subjects,research_subjects,KEEP,id,id,PK original en tabla y archivo,Preservar todas las columnas originales; columnas nuevas sólo según contrato; FK/checks finales obligatorios,Archivo privado íntegro y hash por tabla/fila; no publicar credenciales,"Cualquier deriva de esquema, conflicto, evidencia incompleta o catálogo final distinto"
roles,roles,PROTECTED,id,id,PK original en tabla y archivo,Preservar todas las columnas originales; columnas nuevas sólo según contrato; FK/checks finales obligatorios,Archivo privado íntegro y hash por tabla/fila; no publicar credenciales,"Cualquier deriva de esquema, conflicto, evidencia incompleta o catálogo final distinto"
run_checkpoint_policy,run_checkpoint_policy,KEEP,run_checkpoint_policy_id,run_checkpoint_policy_id,PK original en tabla y archivo,Preservar todas las columnas originales; columnas nuevas sólo según contrato; FK/checks finales obligatorios,Archivo privado íntegro y hash por tabla/fila; no publicar credenciales,"Cualquier deriva de esquema, conflicto, evidencia incompleta o catálogo final distinto"
run_clinical_metrics,run_clinical_metrics,REFACTOR,run_clinical_metric_id,run_clinical_metric_id,PK original en tabla y archivo,Preservar PK; contexto explícito; métricas binary_nullable_v2 verificadas contra counts; AUC original,Archivo privado íntegro y hash por tabla/fila; no publicar credenciales,"Cualquier deriva de esquema, conflicto, evidencia incompleta o catálogo final distinto"
,run_configurations,NEW,,run_id,FK existente o uuid5; nunca UUID aleatorio,Una por TRAIN desde configuración congelada + canonical/hash originales referenciados,Archivo privado íntegro y hash por tabla/fila; no publicar credenciales,"Cualquier deriva de esquema, conflicto, evidencia incompleta o catálogo final distinto"
run_dataset_images,run_dataset_images,KEEP,run_dataset_image_id,run_dataset_image_id,PK original en tabla y archivo,Preservar todas las columnas originales; columnas nuevas sólo según contrato; FK/checks finales obligatorios,Archivo privado íntegro y hash por tabla/fila; no publicar credenciales,"Cualquier deriva de esquema, conflicto, evidencia incompleta o catálogo final distinto"
run_image_predictions,run_image_predictions,KEEP,run_image_prediction_id,run_image_prediction_id,PK original en tabla y archivo,Preservar todas las columnas originales; columnas nuevas sólo según contrato; FK/checks finales obligatorios,Archivo privado íntegro y hash por tabla/fila; no publicar credenciales,"Cualquier deriva de esquema, conflicto, evidencia incompleta o catálogo final distinto"
run_io_records,run_io_records,KEEP,run_io_id,run_io_id,PK original en tabla y archivo,Preservar todas las columnas originales; columnas nuevas sólo según contrato; FK/checks finales obligatorios,Archivo privado íntegro y hash por tabla/fila; no publicar credenciales,"Cualquier deriva de esquema, conflicto, evidencia incompleta o catálogo final distinto"
run_lineage,run_lineage,KEEP,id,id,PK original en tabla y archivo,Preservar todas las columnas originales; columnas nuevas sólo según contrato; FK/checks finales obligatorios,Archivo privado íntegro y hash por tabla/fila; no publicar credenciales,"Cualquier deriva de esquema, conflicto, evidencia incompleta o catálogo final distinto"
run_metrics,run_metrics,REFACTOR,id,id,PK original en tabla y archivo,Consolidar sólo métricas clínicas reservadas con igualdad demostrada; preservar extensiones con namespace,Archivo privado íntegro y hash por tabla/fila; no publicar credenciales,"Cualquier deriva de esquema, conflicto, evidencia incompleta o catálogo final distinto"
run_model_deployments,run_model_deployments,KEEP,id,id,PK original en tabla y archivo,Preservar todas las columnas originales; columnas nuevas sólo según contrato; FK/checks finales obligatorios,Archivo privado íntegro y hash por tabla/fila; no publicar credenciales,"Cualquier deriva de esquema, conflicto, evidencia incompleta o catálogo final distinto"
run_threshold_calibration,run_threshold_calibration,REFACTOR,run_threshold_calibration_id,run_threshold_calibration_id,PK original en tabla y archivo,Preservar PK y valores; enlace explícito a pareja VAL con población/checkpoint idénticos,Archivo privado íntegro y hash por tabla/fila; no publicar credenciales,"Cualquier deriva de esquema, conflicto, evidencia incompleta o catálogo final distinto"
runs,runs,REFACTOR,id,id,PK original en tabla y archivo,Preservar fila; proyectar training_results.validation antes de retirar training_results; original completo en archivo privado,Archivo privado íntegro y hash por tabla/fila; no publicar credenciales,"Cualquier deriva de esquema, conflicto, evidencia incompleta o catálogo final distinto"
schema_migrations,schema_migrations,KEEP,migration_id,migration_id,PK original en tabla y archivo,Preservar todas las columnas originales; columnas nuevas sólo según contrato; FK/checks finales obligatorios,Archivo privado íntegro y hash por tabla/fila; no publicar credenciales,"Cualquier deriva de esquema, conflicto, evidencia incompleta o catálogo final distinto"
scientific_cases,scientific_cases,KEEP,id,id,PK original en tabla y archivo,Preservar todas las columnas originales; columnas nuevas sólo según contrato; FK/checks finales obligatorios,Archivo privado íntegro y hash por tabla/fila; no publicar credenciales,"Cualquier deriva de esquema, conflicto, evidencia incompleta o catálogo final distinto"
scientific_reviews,scientific_reviews,KEEP,id,id,PK original en tabla y archivo,Preservar todas las columnas originales; columnas nuevas sólo según contrato; FK/checks finales obligatorios,Archivo privado íntegro y hash por tabla/fila; no publicar credenciales,"Cualquier deriva de esquema, conflicto, evidencia incompleta o catálogo final distinto"
scientific_validation_annotation_events,scientific_validation_annotation_events,KEEP,id,id,PK original en tabla y archivo,Preservar todas las columnas originales; columnas nuevas sólo según contrato; FK/checks finales obligatorios,Archivo privado íntegro y hash por tabla/fila; no publicar credenciales,"Cualquier deriva de esquema, conflicto, evidencia incompleta o catálogo final distinto"
scientific_validation_annotations,scientific_validation_annotations,KEEP,id,id,PK original en tabla y archivo,Preservar todas las columnas originales; columnas nuevas sólo según contrato; FK/checks finales obligatorios,Archivo privado íntegro y hash por tabla/fila; no publicar credenciales,"Cualquier deriva de esquema, conflicto, evidencia incompleta o catálogo final distinto"
scientific_validation_classification_runs,scientific_validation_classification_runs,KEEP,session_id|classification_run_id,session_id|classification_run_id,PK original en tabla y archivo,Preservar todas las columnas originales; columnas nuevas sólo según contrato; FK/checks finales obligatorios,Archivo privado íntegro y hash por tabla/fila; no publicar credenciales,"Cualquier deriva de esquema, conflicto, evidencia incompleta o catálogo final distinto"
scientific_validation_detection_runs,scientific_validation_detection_runs,KEEP,session_id|detection_run_id,session_id|detection_run_id,PK original en tabla y archivo,Preservar todas las columnas originales; columnas nuevas sólo según contrato; FK/checks finales obligatorios,Archivo privado íntegro y hash por tabla/fila; no publicar credenciales,"Cualquier deriva de esquema, conflicto, evidencia incompleta o catálogo final distinto"
scientific_validation_images,scientific_validation_images,KEEP,session_id|microscopy_image_id,session_id|microscopy_image_id,PK original en tabla y archivo,Preservar todas las columnas originales; columnas nuevas sólo según contrato; FK/checks finales obligatorios,Archivo privado íntegro y hash por tabla/fila; no publicar credenciales,"Cualquier deriva de esquema, conflicto, evidencia incompleta o catálogo final distinto"
scientific_validation_sessions,scientific_validation_sessions,KEEP,id,id,PK original en tabla y archivo,Preservar todas las columnas originales; columnas nuevas sólo según contrato; FK/checks finales obligatorios,Archivo privado íntegro y hash por tabla/fila; no publicar credenciales,"Cualquier deriva de esquema, conflicto, evidencia incompleta o catálogo final distinto"
smear_analysis_summaries,smear_analysis_summaries,KEEP,id,id,PK original en tabla y archivo,Preservar todas las columnas originales; columnas nuevas sólo según contrato; FK/checks finales obligatorios,Archivo privado íntegro y hash por tabla/fila; no publicar credenciales,"Cualquier deriva de esquema, conflicto, evidencia incompleta o catálogo final distinto"
smear_slides,smear_slides,KEEP,id,id,PK original en tabla y archivo,Preservar todas las columnas originales; columnas nuevas sólo según contrato; FK/checks finales obligatorios,Archivo privado íntegro y hash por tabla/fila; no publicar credenciales,"Cualquier deriva de esquema, conflicto, evidencia incompleta o catálogo final distinto"
stage2_model_publication_events,stage2_model_publication_events,KEEP,id,id,PK original en tabla y archivo,Preservar todas las columnas originales; columnas nuevas sólo según contrato; FK/checks finales obligatorios,Archivo privado íntegro y hash por tabla/fila; no publicar credenciales,"Cualquier deriva de esquema, conflicto, evidencia incompleta o catálogo final distinto"
stage2_model_publications,stage2_model_publications,REFACTOR,id,id,PK original en tabla y archivo,Preservar todas las columnas originales; columnas nuevas sólo según contrato; FK/checks finales obligatorios,Archivo privado íntegro y hash por tabla/fila; no publicar credenciales,"Cualquier deriva de esquema, conflicto, evidencia incompleta o catálogo final distinto"
synthetic_data_runs,synthetic_data_runs,KEEP,id,id,PK original en tabla y archivo,Preservar todas las columnas originales; columnas nuevas sólo según contrato; FK/checks finales obligatorios,Archivo privado íntegro y hash por tabla/fila; no publicar credenciales,"Cualquier deriva de esquema, conflicto, evidencia incompleta o catálogo final distinto"
train_execution_records,train_execution_records,KEEP,run_id|kind|phase|record_key,run_id|kind|phase|record_key,PK original en tabla y archivo,Preservar todas las columnas originales; columnas nuevas sólo según contrato; FK/checks finales obligatorios,Archivo privado íntegro y hash por tabla/fila; no publicar credenciales,"Cualquier deriva de esquema, conflicto, evidencia incompleta o catálogo final distinto"
train_execution_revisions,train_execution_revisions,KEEP,attempt_id,attempt_id,PK original en tabla y archivo,Preservar todas las columnas originales; columnas nuevas sólo según contrato; FK/checks finales obligatorios,Archivo privado íntegro y hash por tabla/fila; no publicar credenciales,"Cualquier deriva de esquema, conflicto, evidencia incompleta o catálogo final distinto"
train_execution_sessions,train_execution_sessions,KEEP,run_id,run_id,PK original en tabla y archivo,Preservar todas las columnas originales; columnas nuevas sólo según contrato; FK/checks finales obligatorios,Archivo privado íntegro y hash por tabla/fila; no publicar credenciales,"Cualquier deriva de esquema, conflicto, evidencia incompleta o catálogo final distinto"
training_history,training_history,REFACTOR,id,id,PK original en tabla y archivo,Preservar PK; aliases compatibles; unir epochs del ledger sólo con identidad y valores concordantes,Archivo privado íntegro y hash por tabla/fila; no publicar credenciales,"Cualquier deriva de esquema, conflicto, evidencia incompleta o catálogo final distinto"
user_roles,user_roles,PROTECTED,user_id|role_id,user_id|role_id,PK original en tabla y archivo,Preservar todas las columnas originales; columnas nuevas sólo según contrato; FK/checks finales obligatorios,Archivo privado íntegro y hash por tabla/fila; no publicar credenciales,"Cualquier deriva de esquema, conflicto, evidencia incompleta o catálogo final distinto"
users,users,PROTECTED,id,id,PK original en tabla y archivo,Preservar todas las columnas originales; columnas nuevas sólo según contrato; FK/checks finales obligatorios,Archivo privado íntegro y hash por tabla/fila; no publicar credenciales,"Cualquier deriva de esquema, conflicto, evidencia incompleta o catálogo final distinto"
,xai_artifacts,NEW,,id,FK existente o uuid5; nunca UUID aleatorio,Metadatos originales referenciados; sin leer ni regenerar artefactos,Archivo privado íntegro y hash por tabla/fila; no publicar credenciales,"Cualquier deriva de esquema, conflicto, evidencia incompleta o catálogo final distinto"
,xai_evidence,NEW,,id,FK existente o uuid5; nunca UUID aleatorio,"Proyección con procedencia, input/checkpoint hashes y padre explícitos; sin ejecutar algoritmos",Archivo privado íntegro y hash por tabla/fila; no publicar credenciales,"Cualquier deriva de esquema, conflicto, evidencia incompleta o catálogo final distinto"
,xai_interpretations,NEW,,id,FK existente o uuid5; nunca UUID aleatorio,Vacío: no inventar interpretaciones,Archivo privado íntegro y hash por tabla/fila; no publicar credenciales,"Cualquier deriva de esquema, conflicto, evidencia incompleta o catálogo final distinto"
,xai_quantitative_evaluations,NEW,,id,FK existente o uuid5; nunca UUID aleatorio,Vacío: no generar evaluaciones sin evidencia aprobada,Archivo privado íntegro y hash por tabla/fila; no publicar credenciales,"Cualquier deriva de esquema, conflicto, evidencia incompleta o catálogo final distinto"
,xai_specialist_reviews,NEW,,id,FK existente o uuid5; nunca UUID aleatorio,Vacío: no inventar revisiones de especialistas,Archivo privado íntegro y hash por tabla/fila; no publicar credenciales,"Cualquier deriva de esquema, conflicto, evidencia incompleta o catálogo final distinto"
