source_table,destination_table,source_column,destination_column,source_type,destination_type,nullable_compatible,source_nullable,destination_nullable,source_default,destination_default,identity_handling,generated_handling,direct_copy,transformation_required,status
datasets,datasets,id,id,uuid,uuid,True,False,False,gen_random_uuid(),pg_catalog.gen_random_uuid(),NOT_APPLICABLE_EXPLICIT_ID,NOT_GENERATED_COPY_EXPLICITLY,True,NONE,DIRECT_INSERT_SELECT_COMPATIBLE
datasets,datasets,name,name,text,text,True,False,False,,,NOT_APPLICABLE_EXPLICIT_ID,NOT_GENERATED_COPY_EXPLICITLY,True,NONE,DIRECT_INSERT_SELECT_COMPATIBLE
datasets,datasets,source,source,text,text,True,True,True,,,NOT_APPLICABLE_EXPLICIT_ID,NOT_GENERATED_COPY_EXPLICITLY,True,NONE,DIRECT_INSERT_SELECT_COMPATIBLE
datasets,datasets,version,version,text,text,True,True,True,,,NOT_APPLICABLE_EXPLICIT_ID,NOT_GENERATED_COPY_EXPLICITLY,True,NONE,DIRECT_INSERT_SELECT_COMPATIBLE
datasets,datasets,description,description,text,text,True,True,True,,,NOT_APPLICABLE_EXPLICIT_ID,NOT_GENERATED_COPY_EXPLICITLY,True,NONE,DIRECT_INSERT_SELECT_COMPATIBLE
datasets,datasets,total_images,total_images,integer,integer,True,True,True,,,NOT_APPLICABLE_EXPLICIT_ID,NOT_GENERATED_COPY_EXPLICITLY,True,NONE,DIRECT_INSERT_SELECT_COMPATIBLE
datasets,datasets,num_classes,num_classes,integer,integer,True,True,True,,,NOT_APPLICABLE_EXPLICIT_ID,NOT_GENERATED_COPY_EXPLICITLY,True,NONE,DIRECT_INSERT_SELECT_COMPATIBLE
datasets,datasets,class_names,class_names,text[],text[],True,True,True,,,NOT_APPLICABLE_EXPLICIT_ID,NOT_GENERATED_COPY_EXPLICITLY,True,NONE,DIRECT_INSERT_SELECT_COMPATIBLE
datasets,datasets,class_distribution,class_distribution,jsonb,jsonb,True,True,True,'{}'::jsonb,'{}'::jsonb,NOT_APPLICABLE_EXPLICIT_ID,NOT_GENERATED_COPY_EXPLICITLY,True,NONE,DIRECT_INSERT_SELECT_COMPATIBLE
datasets,datasets,license,license,text,text,True,True,True,,,NOT_APPLICABLE_EXPLICIT_ID,NOT_GENERATED_COPY_EXPLICITLY,True,NONE,DIRECT_INSERT_SELECT_COMPATIBLE
datasets,datasets,url,url,text,text,True,True,True,,,NOT_APPLICABLE_EXPLICIT_ID,NOT_GENERATED_COPY_EXPLICITLY,True,NONE,DIRECT_INSERT_SELECT_COMPATIBLE
datasets,datasets,local_path,local_path,text,text,True,True,True,,,NOT_APPLICABLE_EXPLICIT_ID,NOT_GENERATED_COPY_EXPLICITLY,True,NONE,DIRECT_INSERT_SELECT_COMPATIBLE
datasets,datasets,checksum,checksum,text,text,True,True,True,,,NOT_APPLICABLE_EXPLICIT_ID,NOT_GENERATED_COPY_EXPLICITLY,True,NONE,DIRECT_INSERT_SELECT_COMPATIBLE
datasets,datasets,created_at,created_at,timestamp with time zone,timestamp with time zone,True,True,True,now(),now(),NOT_APPLICABLE_EXPLICIT_ID,NOT_GENERATED_COPY_EXPLICITLY,True,NONE,DIRECT_INSERT_SELECT_COMPATIBLE
datasets,datasets,metadata,metadata,jsonb,jsonb,True,True,True,'{}'::jsonb,'{}'::jsonb,NOT_APPLICABLE_EXPLICIT_ID,NOT_GENERATED_COPY_EXPLICITLY,True,NONE,DIRECT_INSERT_SELECT_COMPATIBLE
datasets,datasets,provider,provider,text,text,True,True,True,,,NOT_APPLICABLE_EXPLICIT_ID,NOT_GENERATED_COPY_EXPLICITLY,True,NONE,DIRECT_INSERT_SELECT_COMPATIBLE
datasets,datasets,source_type,source_type,text,text,True,True,True,,,NOT_APPLICABLE_EXPLICIT_ID,NOT_GENERATED_COPY_EXPLICITLY,True,NONE,DIRECT_INSERT_SELECT_COMPATIBLE
datasets,datasets,source_reference,source_reference,text,text,True,True,True,,,NOT_APPLICABLE_EXPLICIT_ID,NOT_GENERATED_COPY_EXPLICITLY,True,NONE,DIRECT_INSERT_SELECT_COMPATIBLE
datasets,datasets,source_version,source_version,text,text,True,True,True,,,NOT_APPLICABLE_EXPLICIT_ID,NOT_GENERATED_COPY_EXPLICITLY,True,NONE,DIRECT_INSERT_SELECT_COMPATIBLE
dataset_versions,dataset_versions,id,id,uuid,uuid,True,False,False,gen_random_uuid(),pg_catalog.gen_random_uuid(),NOT_APPLICABLE_EXPLICIT_ID,NOT_GENERATED_COPY_EXPLICITLY,True,NONE,DIRECT_INSERT_SELECT_COMPATIBLE
dataset_versions,dataset_versions,name,name,text,text,True,False,False,,,NOT_APPLICABLE_EXPLICIT_ID,NOT_GENERATED_COPY_EXPLICITLY,True,NONE,DIRECT_INSERT_SELECT_COMPATIBLE
dataset_versions,dataset_versions,semantic_version,semantic_version,text,text,True,False,False,,,NOT_APPLICABLE_EXPLICIT_ID,NOT_GENERATED_COPY_EXPLICITLY,True,NONE,DIRECT_INSERT_SELECT_COMPATIBLE
dataset_versions,dataset_versions,status,status,text,text,True,False,False,'DRAFT'::text,'DRAFT'::text,NOT_APPLICABLE_EXPLICIT_ID,NOT_GENERATED_COPY_EXPLICITLY,False,TECHNICAL_FROZEN_VALIDATED_FROZEN_SAME_TRANSACTION,TECHNICAL_HANDLING_REQUIRED
dataset_versions,dataset_versions,grouping_strategy,grouping_strategy,text,text,True,False,False,,,NOT_APPLICABLE_EXPLICIT_ID,NOT_GENERATED_COPY_EXPLICITLY,True,NONE,DIRECT_INSERT_SELECT_COMPATIBLE
dataset_versions,dataset_versions,grouping_field,grouping_field,text,text,True,False,False,,,NOT_APPLICABLE_EXPLICIT_ID,NOT_GENERATED_COPY_EXPLICITLY,True,NONE,DIRECT_INSERT_SELECT_COMPATIBLE
dataset_versions,dataset_versions,stratification_strategy,stratification_strategy,text,text,True,False,False,,,NOT_APPLICABLE_EXPLICIT_ID,NOT_GENERATED_COPY_EXPLICITLY,True,NONE,DIRECT_INSERT_SELECT_COMPATIBLE
dataset_versions,dataset_versions,split_algorithm,split_algorithm,text,text,True,False,False,,,NOT_APPLICABLE_EXPLICIT_ID,NOT_GENERATED_COPY_EXPLICITLY,True,NONE,DIRECT_INSERT_SELECT_COMPATIBLE
dataset_versions,dataset_versions,split_algorithm_version,split_algorithm_version,text,text,True,False,False,,,NOT_APPLICABLE_EXPLICIT_ID,NOT_GENERATED_COPY_EXPLICITLY,True,NONE,DIRECT_INSERT_SELECT_COMPATIBLE
dataset_versions,dataset_versions,random_seed,random_seed,integer,integer,True,False,False,,,NOT_APPLICABLE_EXPLICIT_ID,NOT_GENERATED_COPY_EXPLICITLY,True,NONE,DIRECT_INSERT_SELECT_COMPATIBLE
dataset_versions,dataset_versions,target_train_ratio,target_train_ratio,"numeric(8,7)","numeric(8,7)",True,False,False,,,NOT_APPLICABLE_EXPLICIT_ID,NOT_GENERATED_COPY_EXPLICITLY,True,NONE,DIRECT_INSERT_SELECT_COMPATIBLE
dataset_versions,dataset_versions,target_val_ratio,target_val_ratio,"numeric(8,7)","numeric(8,7)",True,False,False,,,NOT_APPLICABLE_EXPLICIT_ID,NOT_GENERATED_COPY_EXPLICITLY,True,NONE,DIRECT_INSERT_SELECT_COMPATIBLE
dataset_versions,dataset_versions,target_test_ratio,target_test_ratio,"numeric(8,7)","numeric(8,7)",True,False,False,,,NOT_APPLICABLE_EXPLICIT_ID,NOT_GENERATED_COPY_EXPLICITLY,True,NONE,DIRECT_INSERT_SELECT_COMPATIBLE
dataset_versions,dataset_versions,positive_class,positive_class,text,text,True,False,False,,,NOT_APPLICABLE_EXPLICIT_ID,NOT_GENERATED_COPY_EXPLICITLY,True,NONE,DIRECT_INSERT_SELECT_COMPATIBLE
dataset_versions,dataset_versions,class_mapping,class_mapping,jsonb,jsonb,True,False,False,'{}'::jsonb,'{}'::jsonb,NOT_APPLICABLE_EXPLICIT_ID,NOT_GENERATED_COPY_EXPLICITLY,True,NONE,DIRECT_INSERT_SELECT_COMPATIBLE
dataset_versions,dataset_versions,source_record_count,source_record_count,bigint,bigint,True,False,False,0,0,NOT_APPLICABLE_EXPLICIT_ID,NOT_GENERATED_COPY_EXPLICITLY,True,NONE,DIRECT_INSERT_SELECT_COMPATIBLE
dataset_versions,dataset_versions,methodology_json,methodology_json,jsonb,jsonb,True,False,False,'{}'::jsonb,'{}'::jsonb,NOT_APPLICABLE_EXPLICIT_ID,NOT_GENERATED_COPY_EXPLICITLY,True,NONE,DIRECT_INSERT_SELECT_COMPATIBLE
dataset_versions,dataset_versions,created_at,created_at,timestamp with time zone,timestamp with time zone,True,False,False,now(),now(),NOT_APPLICABLE_EXPLICIT_ID,NOT_GENERATED_COPY_EXPLICITLY,True,NONE,DIRECT_INSERT_SELECT_COMPATIBLE
dataset_versions,dataset_versions,generated_at,generated_at,timestamp with time zone,timestamp with time zone,True,True,True,,,NOT_APPLICABLE_EXPLICIT_ID,NOT_GENERATED_COPY_EXPLICITLY,True,NONE,DIRECT_INSERT_SELECT_COMPATIBLE
dataset_versions,dataset_versions,validated_at,validated_at,timestamp with time zone,timestamp with time zone,True,True,True,,,NOT_APPLICABLE_EXPLICIT_ID,NOT_GENERATED_COPY_EXPLICITLY,True,NONE,DIRECT_INSERT_SELECT_COMPATIBLE
dataset_versions,dataset_versions,frozen_at,frozen_at,timestamp with time zone,timestamp with time zone,True,True,True,,,NOT_APPLICABLE_EXPLICIT_ID,NOT_GENERATED_COPY_EXPLICITLY,True,NONE,DIRECT_INSERT_SELECT_COMPATIBLE
dataset_versions,dataset_versions,archived_at,archived_at,timestamp with time zone,timestamp with time zone,True,True,True,,,NOT_APPLICABLE_EXPLICIT_ID,NOT_GENERATED_COPY_EXPLICITLY,True,NONE,DIRECT_INSERT_SELECT_COMPATIBLE
clinical_identities,clinical_identities,id,id,uuid,uuid,True,False,False,gen_random_uuid(),pg_catalog.gen_random_uuid(),NOT_APPLICABLE_EXPLICIT_ID,NOT_GENERATED_COPY_EXPLICITLY,True,NONE,DIRECT_INSERT_SELECT_COMPATIBLE
clinical_identities,clinical_identities,dataset_id,dataset_id,uuid,uuid,True,False,False,,,NOT_APPLICABLE_EXPLICIT_ID,NOT_GENERATED_COPY_EXPLICITLY,True,NONE,DIRECT_INSERT_SELECT_COMPATIBLE
clinical_identities,clinical_identities,identity_type,identity_type,text,text,True,False,False,,,NOT_APPLICABLE_EXPLICIT_ID,NOT_GENERATED_COPY_EXPLICITLY,True,NONE,DIRECT_INSERT_SELECT_COMPATIBLE
clinical_identities,clinical_identities,source_identifier,source_identifier,text,text,True,False,False,,,NOT_APPLICABLE_EXPLICIT_ID,NOT_GENERATED_COPY_EXPLICITLY,True,NONE,DIRECT_INSERT_SELECT_COMPATIBLE
clinical_identities,clinical_identities,status,status,text,text,True,False,False,,,NOT_APPLICABLE_EXPLICIT_ID,NOT_GENERATED_COPY_EXPLICITLY,True,NONE,DIRECT_INSERT_SELECT_COMPATIBLE
clinical_identities,clinical_identities,metadata,metadata,jsonb,jsonb,True,False,False,'{}'::jsonb,'{}'::jsonb,NOT_APPLICABLE_EXPLICIT_ID,NOT_GENERATED_COPY_EXPLICITLY,True,NONE,DIRECT_INSERT_SELECT_COMPATIBLE
clinical_identities,clinical_identities,created_at,created_at,timestamp with time zone,timestamp with time zone,True,False,False,now(),now(),NOT_APPLICABLE_EXPLICIT_ID,NOT_GENERATED_COPY_EXPLICITLY,True,NONE,DIRECT_INSERT_SELECT_COMPATIBLE
clinical_identities,clinical_identities,updated_at,updated_at,timestamp with time zone,timestamp with time zone,True,False,False,now(),now(),NOT_APPLICABLE_EXPLICIT_ID,NOT_GENERATED_COPY_EXPLICITLY,True,NONE,DIRECT_INSERT_SELECT_COMPATIBLE
dataset_source_records,dataset_source_records,id,id,uuid,uuid,True,False,False,gen_random_uuid(),pg_catalog.gen_random_uuid(),NOT_APPLICABLE_EXPLICIT_ID,NOT_GENERATED_COPY_EXPLICITLY,True,NONE,DIRECT_INSERT_SELECT_COMPATIBLE
dataset_source_records,dataset_source_records,dataset_id,dataset_id,uuid,uuid,True,False,False,,,NOT_APPLICABLE_EXPLICIT_ID,NOT_GENERATED_COPY_EXPLICITLY,True,NONE,DIRECT_INSERT_SELECT_COMPATIBLE
dataset_source_records,dataset_source_records,clinical_identity_id,clinical_identity_id,uuid,uuid,True,True,True,,,NOT_APPLICABLE_EXPLICIT_ID,NOT_GENERATED_COPY_EXPLICITLY,True,NONE,DIRECT_INSERT_SELECT_COMPATIBLE
dataset_source_records,dataset_source_records,source_record_key,source_record_key,text,text,True,False,False,,,NOT_APPLICABLE_EXPLICIT_ID,NOT_GENERATED_COPY_EXPLICITLY,True,NONE,DIRECT_INSERT_SELECT_COMPATIBLE
dataset_source_records,dataset_source_records,tfds_index,tfds_index,bigint,bigint,True,True,True,,,NOT_APPLICABLE_EXPLICIT_ID,NOT_GENERATED_COPY_EXPLICITLY,True,NONE,DIRECT_INSERT_SELECT_COMPATIBLE
dataset_source_records,dataset_source_records,source_filename,source_filename,text,text,True,True,True,,,NOT_APPLICABLE_EXPLICIT_ID,NOT_GENERATED_COPY_EXPLICITLY,True,NONE,DIRECT_INSERT_SELECT_COMPATIBLE
dataset_source_records,dataset_source_records,class_index,class_index,integer,integer,True,False,False,,,NOT_APPLICABLE_EXPLICIT_ID,NOT_GENERATED_COPY_EXPLICITLY,True,NONE,DIRECT_INSERT_SELECT_COMPATIBLE
dataset_source_records,dataset_source_records,class_name,class_name,text,text,True,False,False,,,NOT_APPLICABLE_EXPLICIT_ID,NOT_GENERATED_COPY_EXPLICITLY,True,NONE,DIRECT_INSERT_SELECT_COMPATIBLE
dataset_source_records,dataset_source_records,original_label,original_label,integer,integer,True,True,True,,,NOT_APPLICABLE_EXPLICIT_ID,NOT_GENERATED_COPY_EXPLICITLY,True,NONE,DIRECT_INSERT_SELECT_COMPATIBLE
dataset_source_records,dataset_source_records,project_label,project_label,integer,integer,True,True,True,,,NOT_APPLICABLE_EXPLICIT_ID,NOT_GENERATED_COPY_EXPLICITLY,True,NONE,DIRECT_INSERT_SELECT_COMPATIBLE
dataset_source_records,dataset_source_records,relative_source_key,relative_source_key,text,text,True,True,True,,,NOT_APPLICABLE_EXPLICIT_ID,NOT_GENERATED_COPY_EXPLICITLY,True,NONE,DIRECT_INSERT_SELECT_COMPATIBLE
dataset_source_records,dataset_source_records,source_file_sha256,source_file_sha256,text,text,True,True,True,,,NOT_APPLICABLE_EXPLICIT_ID,NOT_GENERATED_COPY_EXPLICITLY,True,NONE,DIRECT_INSERT_SELECT_COMPATIBLE
dataset_source_records,dataset_source_records,decoded_pixel_sha256,decoded_pixel_sha256,text,text,True,True,True,,,NOT_APPLICABLE_EXPLICIT_ID,NOT_GENERATED_COPY_EXPLICITLY,True,NONE,DIRECT_INSERT_SELECT_COMPATIBLE
dataset_source_records,dataset_source_records,image_width,image_width,integer,integer,True,True,True,,,NOT_APPLICABLE_EXPLICIT_ID,NOT_GENERATED_COPY_EXPLICITLY,True,NONE,DIRECT_INSERT_SELECT_COMPATIBLE
dataset_source_records,dataset_source_records,image_height,image_height,integer,integer,True,True,True,,,NOT_APPLICABLE_EXPLICIT_ID,NOT_GENERATED_COPY_EXPLICITLY,True,NONE,DIRECT_INSERT_SELECT_COMPATIBLE
dataset_source_records,dataset_source_records,file_size_bytes,file_size_bytes,bigint,bigint,True,True,True,,,NOT_APPLICABLE_EXPLICIT_ID,NOT_GENERATED_COPY_EXPLICITLY,True,NONE,DIRECT_INSERT_SELECT_COMPATIBLE
dataset_source_records,dataset_source_records,identity_status,identity_status,text,text,True,False,False,,,NOT_APPLICABLE_EXPLICIT_ID,NOT_GENERATED_COPY_EXPLICITLY,True,NONE,DIRECT_INSERT_SELECT_COMPATIBLE
dataset_source_records,dataset_source_records,metadata,metadata,jsonb,jsonb,True,False,False,'{}'::jsonb,'{}'::jsonb,NOT_APPLICABLE_EXPLICIT_ID,NOT_GENERATED_COPY_EXPLICITLY,True,NONE,DIRECT_INSERT_SELECT_COMPATIBLE
dataset_source_records,dataset_source_records,created_at,created_at,timestamp with time zone,timestamp with time zone,True,False,False,now(),now(),NOT_APPLICABLE_EXPLICIT_ID,NOT_GENERATED_COPY_EXPLICITLY,True,NONE,DIRECT_INSERT_SELECT_COMPATIBLE
dataset_source_records,dataset_source_records,updated_at,updated_at,timestamp with time zone,timestamp with time zone,True,False,False,now(),now(),NOT_APPLICABLE_EXPLICIT_ID,NOT_GENERATED_COPY_EXPLICITLY,True,NONE,DIRECT_INSERT_SELECT_COMPATIBLE
identity_evidence,identity_evidence,id,id,uuid,uuid,True,False,False,gen_random_uuid(),pg_catalog.gen_random_uuid(),NOT_APPLICABLE_EXPLICIT_ID,NOT_GENERATED_COPY_EXPLICITLY,True,NONE,DIRECT_INSERT_SELECT_COMPATIBLE
identity_evidence,identity_evidence,source_record_id,source_record_id,uuid,uuid,True,False,False,,,NOT_APPLICABLE_EXPLICIT_ID,NOT_GENERATED_COPY_EXPLICITLY,True,NONE,DIRECT_INSERT_SELECT_COMPATIBLE
identity_evidence,identity_evidence,clinical_identity_id,clinical_identity_id,uuid,uuid,True,False,False,,,NOT_APPLICABLE_EXPLICIT_ID,NOT_GENERATED_COPY_EXPLICITLY,True,NONE,DIRECT_INSERT_SELECT_COMPATIBLE
identity_evidence,identity_evidence,evidence_type,evidence_type,text,text,True,False,False,,,NOT_APPLICABLE_EXPLICIT_ID,NOT_GENERATED_COPY_EXPLICITLY,True,NONE,DIRECT_INSERT_SELECT_COMPATIBLE
identity_evidence,identity_evidence,evidence_level,evidence_level,text,text,True,False,False,,,NOT_APPLICABLE_EXPLICIT_ID,NOT_GENERATED_COPY_EXPLICITLY,True,NONE,DIRECT_INSERT_SELECT_COMPATIBLE
identity_evidence,identity_evidence,mapping_method,mapping_method,text,text,True,False,False,,,NOT_APPLICABLE_EXPLICIT_ID,NOT_GENERATED_COPY_EXPLICITLY,True,NONE,DIRECT_INSERT_SELECT_COMPATIBLE
identity_evidence,identity_evidence,evidence_reference,evidence_reference,text,text,True,True,True,,,NOT_APPLICABLE_EXPLICIT_ID,NOT_GENERATED_COPY_EXPLICITLY,True,NONE,DIRECT_INSERT_SELECT_COMPATIBLE
identity_evidence,identity_evidence,official_source_reference,official_source_reference,text,text,True,True,True,,,NOT_APPLICABLE_EXPLICIT_ID,NOT_GENERATED_COPY_EXPLICITLY,True,NONE,DIRECT_INSERT_SELECT_COMPATIBLE
identity_evidence,identity_evidence,evidence_json,evidence_json,jsonb,jsonb,True,False,False,'{}'::jsonb,'{}'::jsonb,NOT_APPLICABLE_EXPLICIT_ID,NOT_GENERATED_COPY_EXPLICITLY,True,NONE,DIRECT_INSERT_SELECT_COMPATIBLE
identity_evidence,identity_evidence,created_at,created_at,timestamp with time zone,timestamp with time zone,True,False,False,now(),now(),NOT_APPLICABLE_EXPLICIT_ID,NOT_GENERATED_COPY_EXPLICITLY,True,NONE,DIRECT_INSERT_SELECT_COMPATIBLE
dataset_version_sources,dataset_version_sources,dataset_version_id,dataset_version_id,uuid,uuid,True,False,False,,,NOT_APPLICABLE_EXPLICIT_ID,NOT_GENERATED_COPY_EXPLICITLY,True,NONE,DIRECT_INSERT_SELECT_COMPATIBLE
dataset_version_sources,dataset_version_sources,dataset_id,dataset_id,uuid,uuid,True,False,False,,,NOT_APPLICABLE_EXPLICIT_ID,NOT_GENERATED_COPY_EXPLICITLY,True,NONE,DIRECT_INSERT_SELECT_COMPATIBLE
dataset_version_sources,dataset_version_sources,role,role,text,text,True,False,False,,,NOT_APPLICABLE_EXPLICIT_ID,NOT_GENERATED_COPY_EXPLICITLY,True,NONE,DIRECT_INSERT_SELECT_COMPATIBLE
dataset_version_sources,dataset_version_sources,created_at,created_at,timestamp with time zone,timestamp with time zone,True,False,False,now(),now(),NOT_APPLICABLE_EXPLICIT_ID,NOT_GENERATED_COPY_EXPLICITLY,True,NONE,DIRECT_INSERT_SELECT_COMPATIBLE
dataset_split_assignments,dataset_split_assignments,id,id,uuid,uuid,True,False,False,gen_random_uuid(),pg_catalog.gen_random_uuid(),NOT_APPLICABLE_EXPLICIT_ID,NOT_GENERATED_COPY_EXPLICITLY,True,NONE,DIRECT_INSERT_SELECT_COMPATIBLE
dataset_split_assignments,dataset_split_assignments,dataset_version_id,dataset_version_id,uuid,uuid,True,False,False,,,NOT_APPLICABLE_EXPLICIT_ID,NOT_GENERATED_COPY_EXPLICITLY,True,NONE,DIRECT_INSERT_SELECT_COMPATIBLE
dataset_split_assignments,dataset_split_assignments,source_record_id,source_record_id,uuid,uuid,True,False,False,,,NOT_APPLICABLE_EXPLICIT_ID,NOT_GENERATED_COPY_EXPLICITLY,True,NONE,DIRECT_INSERT_SELECT_COMPATIBLE
dataset_split_assignments,dataset_split_assignments,clinical_identity_id,clinical_identity_id,uuid,uuid,True,False,False,,,NOT_APPLICABLE_EXPLICIT_ID,NOT_GENERATED_COPY_EXPLICITLY,True,NONE,DIRECT_INSERT_SELECT_COMPATIBLE
dataset_split_assignments,dataset_split_assignments,split_name,split_name,text,text,True,False,False,,,NOT_APPLICABLE_EXPLICIT_ID,NOT_GENERATED_COPY_EXPLICITLY,True,NONE,DIRECT_INSERT_SELECT_COMPATIBLE
dataset_split_assignments,dataset_split_assignments,class_index,class_index,integer,integer,True,False,False,,,NOT_APPLICABLE_EXPLICIT_ID,NOT_GENERATED_COPY_EXPLICITLY,True,NONE,DIRECT_INSERT_SELECT_COMPATIBLE
dataset_split_assignments,dataset_split_assignments,class_name,class_name,text,text,True,False,False,,,NOT_APPLICABLE_EXPLICIT_ID,NOT_GENERATED_COPY_EXPLICITLY,True,NONE,DIRECT_INSERT_SELECT_COMPATIBLE
dataset_split_assignments,dataset_split_assignments,metadata,metadata,jsonb,jsonb,True,False,False,'{}'::jsonb,'{}'::jsonb,NOT_APPLICABLE_EXPLICIT_ID,NOT_GENERATED_COPY_EXPLICITLY,True,NONE,DIRECT_INSERT_SELECT_COMPATIBLE
dataset_split_assignments,dataset_split_assignments,created_at,created_at,timestamp with time zone,timestamp with time zone,True,False,False,now(),now(),NOT_APPLICABLE_EXPLICIT_ID,NOT_GENERATED_COPY_EXPLICITLY,True,NONE,DIRECT_INSERT_SELECT_COMPATIBLE
dataset_split_statistics,dataset_split_statistics,id,id,uuid,uuid,True,False,False,gen_random_uuid(),pg_catalog.gen_random_uuid(),NOT_APPLICABLE_EXPLICIT_ID,NOT_GENERATED_COPY_EXPLICITLY,True,NONE,DIRECT_INSERT_SELECT_COMPATIBLE
dataset_split_statistics,dataset_split_statistics,dataset_version_id,dataset_version_id,uuid,uuid,True,False,False,,,NOT_APPLICABLE_EXPLICIT_ID,NOT_GENERATED_COPY_EXPLICITLY,True,NONE,DIRECT_INSERT_SELECT_COMPATIBLE
dataset_split_statistics,dataset_split_statistics,scope,scope,text,text,True,False,False,,,NOT_APPLICABLE_EXPLICIT_ID,NOT_GENERATED_COPY_EXPLICITLY,True,NONE,DIRECT_INSERT_SELECT_COMPATIBLE
dataset_split_statistics,dataset_split_statistics,metric_name,metric_name,text,text,True,False,False,,,NOT_APPLICABLE_EXPLICIT_ID,NOT_GENERATED_COPY_EXPLICITLY,True,NONE,DIRECT_INSERT_SELECT_COMPATIBLE
dataset_split_statistics,dataset_split_statistics,numeric_value,numeric_value,numeric,numeric,True,True,True,,,NOT_APPLICABLE_EXPLICIT_ID,NOT_GENERATED_COPY_EXPLICITLY,True,NONE,DIRECT_INSERT_SELECT_COMPATIBLE
dataset_split_statistics,dataset_split_statistics,text_value,text_value,text,text,True,True,True,,,NOT_APPLICABLE_EXPLICIT_ID,NOT_GENERATED_COPY_EXPLICITLY,True,NONE,DIRECT_INSERT_SELECT_COMPATIBLE
dataset_split_statistics,dataset_split_statistics,details_json,details_json,jsonb,jsonb,True,True,True,,,NOT_APPLICABLE_EXPLICIT_ID,NOT_GENERATED_COPY_EXPLICITLY,True,NONE,DIRECT_INSERT_SELECT_COMPATIBLE
dataset_split_statistics,dataset_split_statistics,computed_at,computed_at,timestamp with time zone,timestamp with time zone,True,False,False,now(),now(),NOT_APPLICABLE_EXPLICIT_ID,NOT_GENERATED_COPY_EXPLICITLY,True,NONE,DIRECT_INSERT_SELECT_COMPATIBLE
dataset_split_validation_checks,dataset_split_validation_checks,id,id,uuid,uuid,True,False,False,gen_random_uuid(),pg_catalog.gen_random_uuid(),NOT_APPLICABLE_EXPLICIT_ID,NOT_GENERATED_COPY_EXPLICITLY,True,NONE,DIRECT_INSERT_SELECT_COMPATIBLE
dataset_split_validation_checks,dataset_split_validation_checks,dataset_version_id,dataset_version_id,uuid,uuid,True,False,False,,,NOT_APPLICABLE_EXPLICIT_ID,NOT_GENERATED_COPY_EXPLICITLY,True,NONE,DIRECT_INSERT_SELECT_COMPATIBLE
dataset_split_validation_checks,dataset_split_validation_checks,check_name,check_name,text,text,True,False,False,,,NOT_APPLICABLE_EXPLICIT_ID,NOT_GENERATED_COPY_EXPLICITLY,True,NONE,DIRECT_INSERT_SELECT_COMPATIBLE
dataset_split_validation_checks,dataset_split_validation_checks,status,status,text,text,True,False,False,,,NOT_APPLICABLE_EXPLICIT_ID,NOT_GENERATED_COPY_EXPLICITLY,True,NONE,DIRECT_INSERT_SELECT_COMPATIBLE
dataset_split_validation_checks,dataset_split_validation_checks,observed_value,observed_value,text,text,True,True,True,,,NOT_APPLICABLE_EXPLICIT_ID,NOT_GENERATED_COPY_EXPLICITLY,True,NONE,DIRECT_INSERT_SELECT_COMPATIBLE
dataset_split_validation_checks,dataset_split_validation_checks,expected_value,expected_value,text,text,True,True,True,,,NOT_APPLICABLE_EXPLICIT_ID,NOT_GENERATED_COPY_EXPLICITLY,True,NONE,DIRECT_INSERT_SELECT_COMPATIBLE
dataset_split_validation_checks,dataset_split_validation_checks,details_json,details_json,jsonb,jsonb,True,False,False,'{}'::jsonb,'{}'::jsonb,NOT_APPLICABLE_EXPLICIT_ID,NOT_GENERATED_COPY_EXPLICITLY,True,NONE,DIRECT_INSERT_SELECT_COMPATIBLE
dataset_split_validation_checks,dataset_split_validation_checks,blocking_for_validation,blocking_for_validation,boolean,boolean,True,False,False,false,false,NOT_APPLICABLE_EXPLICIT_ID,NOT_GENERATED_COPY_EXPLICITLY,True,NONE,DIRECT_INSERT_SELECT_COMPATIBLE
dataset_split_validation_checks,dataset_split_validation_checks,blocking_for_freeze,blocking_for_freeze,boolean,boolean,True,False,False,false,false,NOT_APPLICABLE_EXPLICIT_ID,NOT_GENERATED_COPY_EXPLICITLY,True,NONE,DIRECT_INSERT_SELECT_COMPATIBLE
dataset_split_validation_checks,dataset_split_validation_checks,executed_at,executed_at,timestamp with time zone,timestamp with time zone,True,False,False,now(),now(),NOT_APPLICABLE_EXPLICIT_ID,NOT_GENERATED_COPY_EXPLICITLY,True,NONE,DIRECT_INSERT_SELECT_COMPATIBLE
dataset_splits,dataset_splits,id,id,uuid,uuid,True,False,False,gen_random_uuid(),pg_catalog.gen_random_uuid(),NOT_APPLICABLE_EXPLICIT_ID,NOT_GENERATED_COPY_EXPLICITLY,True,NONE,DIRECT_INSERT_SELECT_COMPATIBLE
dataset_splits,dataset_splits,dataset_id,dataset_id,uuid,uuid,True,True,True,,,NOT_APPLICABLE_EXPLICIT_ID,NOT_GENERATED_COPY_EXPLICITLY,True,NONE,DIRECT_INSERT_SELECT_COMPATIBLE
dataset_splits,dataset_splits,split_name,split_name,text,text,True,False,False,,,NOT_APPLICABLE_EXPLICIT_ID,NOT_GENERATED_COPY_EXPLICITLY,True,NONE,DIRECT_INSERT_SELECT_COMPATIBLE
dataset_splits,dataset_splits,num_samples,num_samples,integer,integer,True,True,True,,,NOT_APPLICABLE_EXPLICIT_ID,NOT_GENERATED_COPY_EXPLICITLY,True,NONE,DIRECT_INSERT_SELECT_COMPATIBLE
dataset_splits,dataset_splits,class_distribution,class_distribution,jsonb,jsonb,True,True,True,'{}'::jsonb,'{}'::jsonb,NOT_APPLICABLE_EXPLICIT_ID,NOT_GENERATED_COPY_EXPLICITLY,True,NONE,DIRECT_INSERT_SELECT_COMPATIBLE
dataset_splits,dataset_splits,split_strategy,split_strategy,text,text,True,True,True,,,NOT_APPLICABLE_EXPLICIT_ID,NOT_GENERATED_COPY_EXPLICITLY,True,NONE,DIRECT_INSERT_SELECT_COMPATIBLE
dataset_splits,dataset_splits,random_seed,random_seed,integer,integer,True,True,True,,,NOT_APPLICABLE_EXPLICIT_ID,NOT_GENERATED_COPY_EXPLICITLY,True,NONE,DIRECT_INSERT_SELECT_COMPATIBLE
dataset_splits,dataset_splits,created_at,created_at,timestamp with time zone,timestamp with time zone,True,True,True,now(),now(),NOT_APPLICABLE_EXPLICIT_ID,NOT_GENERATED_COPY_EXPLICITLY,True,NONE,DIRECT_INSERT_SELECT_COMPATIBLE
dataset_splits,dataset_splits,metadata,metadata,jsonb,jsonb,True,True,True,'{}'::jsonb,'{}'::jsonb,NOT_APPLICABLE_EXPLICIT_ID,NOT_GENERATED_COPY_EXPLICITLY,True,NONE,DIRECT_INSERT_SELECT_COMPATIBLE
dataset_materializations,dataset_materializations,id,id,uuid,uuid,True,False,False,gen_random_uuid(),pg_catalog.gen_random_uuid(),NOT_APPLICABLE_EXPLICIT_ID,NOT_GENERATED_COPY_EXPLICITLY,True,NONE,DIRECT_INSERT_SELECT_COMPATIBLE
dataset_materializations,dataset_materializations,dataset_version_id,dataset_version_id,uuid,uuid,True,False,False,,,NOT_APPLICABLE_EXPLICIT_ID,NOT_GENERATED_COPY_EXPLICITLY,True,NONE,DIRECT_INSERT_SELECT_COMPATIBLE
dataset_materializations,dataset_materializations,attempt_number,attempt_number,integer,integer,True,False,False,,,NOT_APPLICABLE_EXPLICIT_ID,NOT_GENERATED_COPY_EXPLICITLY,True,NONE,DIRECT_INSERT_SELECT_COMPATIBLE
dataset_materializations,dataset_materializations,status,status,text,text,True,False,False,'NOT_MATERIALIZED'::text,'NOT_MATERIALIZED'::text,NOT_APPLICABLE_EXPLICIT_ID,NOT_GENERATED_COPY_EXPLICITLY,True,NONE,DIRECT_INSERT_SELECT_COMPATIBLE
dataset_materializations,dataset_materializations,reconciliation_status,reconciliation_status,text,text,True,False,False,'PENDING'::text,'PENDING'::text,NOT_APPLICABLE_EXPLICIT_ID,NOT_GENERATED_COPY_EXPLICITLY,True,NONE,DIRECT_INSERT_SELECT_COMPATIBLE
dataset_materializations,dataset_materializations,relative_root,relative_root,text,text,True,False,False,,,NOT_APPLICABLE_EXPLICIT_ID,NOT_GENERATED_COPY_EXPLICITLY,True,NONE,DIRECT_INSERT_SELECT_COMPATIBLE
dataset_materializations,dataset_materializations,record_count,record_count,bigint,bigint,True,False,False,0,0,NOT_APPLICABLE_EXPLICIT_ID,NOT_GENERATED_COPY_EXPLICITLY,True,NONE,DIRECT_INSERT_SELECT_COMPATIBLE
dataset_materializations,dataset_materializations,manifest_metadata,manifest_metadata,jsonb,jsonb,True,False,False,'{}'::jsonb,'{}'::jsonb,NOT_APPLICABLE_EXPLICIT_ID,NOT_GENERATED_COPY_EXPLICITLY,True,NONE,DIRECT_INSERT_SELECT_COMPATIBLE
dataset_materializations,dataset_materializations,started_at,started_at,timestamp with time zone,timestamp with time zone,True,True,True,,,NOT_APPLICABLE_EXPLICIT_ID,NOT_GENERATED_COPY_EXPLICITLY,True,NONE,DIRECT_INSERT_SELECT_COMPATIBLE
dataset_materializations,dataset_materializations,completed_at,completed_at,timestamp with time zone,timestamp with time zone,True,True,True,,,NOT_APPLICABLE_EXPLICIT_ID,NOT_GENERATED_COPY_EXPLICITLY,True,NONE,DIRECT_INSERT_SELECT_COMPATIBLE
dataset_materializations,dataset_materializations,failure_reason,failure_reason,text,text,True,True,True,,,NOT_APPLICABLE_EXPLICIT_ID,NOT_GENERATED_COPY_EXPLICITLY,True,NONE,DIRECT_INSERT_SELECT_COMPATIBLE
dataset_materializations,dataset_materializations,metadata,metadata,jsonb,jsonb,True,False,False,'{}'::jsonb,'{}'::jsonb,NOT_APPLICABLE_EXPLICIT_ID,NOT_GENERATED_COPY_EXPLICITLY,True,NONE,DIRECT_INSERT_SELECT_COMPATIBLE
dataset_materializations,dataset_materializations,created_at,created_at,timestamp with time zone,timestamp with time zone,True,False,False,now(),now(),NOT_APPLICABLE_EXPLICIT_ID,NOT_GENERATED_COPY_EXPLICITLY,True,NONE,DIRECT_INSERT_SELECT_COMPATIBLE
dataset_materialization_activations,dataset_materialization_activations,id,id,uuid,uuid,True,False,False,gen_random_uuid(),pg_catalog.gen_random_uuid(),NOT_APPLICABLE_EXPLICIT_ID,NOT_GENERATED_COPY_EXPLICITLY,True,NONE,DIRECT_INSERT_SELECT_COMPATIBLE
dataset_materialization_activations,dataset_materialization_activations,dataset_version_id,dataset_version_id,uuid,uuid,True,False,False,,,NOT_APPLICABLE_EXPLICIT_ID,NOT_GENERATED_COPY_EXPLICITLY,True,NONE,DIRECT_INSERT_SELECT_COMPATIBLE
dataset_materialization_activations,dataset_materialization_activations,materialization_id,materialization_id,uuid,uuid,True,False,False,,,NOT_APPLICABLE_EXPLICIT_ID,NOT_GENERATED_COPY_EXPLICITLY,True,NONE,DIRECT_INSERT_SELECT_COMPATIBLE
dataset_materialization_activations,dataset_materialization_activations,dataset_family,dataset_family,text,text,True,False,False,,,NOT_APPLICABLE_EXPLICIT_ID,NOT_GENERATED_COPY_EXPLICITLY,True,NONE,DIRECT_INSERT_SELECT_COMPATIBLE
dataset_materialization_activations,dataset_materialization_activations,activated_at,activated_at,timestamp with time zone,timestamp with time zone,True,False,False,now(),now(),NOT_APPLICABLE_EXPLICIT_ID,NOT_GENERATED_COPY_EXPLICITLY,True,NONE,DIRECT_INSERT_SELECT_COMPATIBLE
dataset_materialization_activations,dataset_materialization_activations,deactivated_at,deactivated_at,timestamp with time zone,timestamp with time zone,True,True,True,,,NOT_APPLICABLE_EXPLICIT_ID,NOT_GENERATED_COPY_EXPLICITLY,True,NONE,DIRECT_INSERT_SELECT_COMPATIBLE
dataset_materialization_activations,dataset_materialization_activations,metadata,metadata,jsonb,jsonb,True,False,False,'{}'::jsonb,'{}'::jsonb,NOT_APPLICABLE_EXPLICIT_ID,NOT_GENERATED_COPY_EXPLICITLY,True,NONE,DIRECT_INSERT_SELECT_COMPATIBLE
dataset_split_images,dataset_split_images,image_id,image_id,uuid,uuid,True,False,False,gen_random_uuid(),pg_catalog.gen_random_uuid(),NOT_APPLICABLE_EXPLICIT_ID,NOT_GENERATED_COPY_EXPLICITLY,True,NONE,DIRECT_INSERT_SELECT_COMPATIBLE
dataset_split_images,dataset_split_images,dataset_id,dataset_id,uuid,uuid,True,True,True,,,NOT_APPLICABLE_EXPLICIT_ID,NOT_GENERATED_COPY_EXPLICITLY,True,NONE,DIRECT_INSERT_SELECT_COMPATIBLE
dataset_split_images,dataset_split_images,dataset_name,dataset_name,text,text,True,False,False,,,NOT_APPLICABLE_EXPLICIT_ID,NOT_GENERATED_COPY_EXPLICITLY,True,NONE,DIRECT_INSERT_SELECT_COMPATIBLE
dataset_split_images,dataset_split_images,dataset_source,dataset_source,text,text,True,False,False,,,NOT_APPLICABLE_EXPLICIT_ID,NOT_GENERATED_COPY_EXPLICITLY,True,NONE,DIRECT_INSERT_SELECT_COMPATIBLE
dataset_split_images,dataset_split_images,dataset_dir,dataset_dir,text,text,True,False,False,,,NOT_APPLICABLE_EXPLICIT_ID,NOT_GENERATED_COPY_EXPLICITLY,True,NONE,DIRECT_INSERT_SELECT_COMPATIBLE
dataset_split_images,dataset_split_images,split_name,split_name,text,text,True,False,False,,,NOT_APPLICABLE_EXPLICIT_ID,NOT_GENERATED_COPY_EXPLICITLY,True,NONE,DIRECT_INSERT_SELECT_COMPATIBLE
dataset_split_images,dataset_split_images,class_index,class_index,integer,integer,True,False,False,,,NOT_APPLICABLE_EXPLICIT_ID,NOT_GENERATED_COPY_EXPLICITLY,True,NONE,DIRECT_INSERT_SELECT_COMPATIBLE
dataset_split_images,dataset_split_images,class_name,class_name,text,text,True,False,False,,,NOT_APPLICABLE_EXPLICIT_ID,NOT_GENERATED_COPY_EXPLICITLY,True,NONE,DIRECT_INSERT_SELECT_COMPATIBLE
dataset_split_images,dataset_split_images,relative_path,relative_path,text,text,True,False,False,,,NOT_APPLICABLE_EXPLICIT_ID,NOT_GENERATED_COPY_EXPLICITLY,True,NONE,DIRECT_INSERT_SELECT_COMPATIBLE
dataset_split_images,dataset_split_images,absolute_path,absolute_path,text,text,True,True,True,,,NOT_APPLICABLE_EXPLICIT_ID,NOT_GENERATED_COPY_EXPLICITLY,True,NONE,DIRECT_INSERT_SELECT_COMPATIBLE
dataset_split_images,dataset_split_images,filename,filename,text,text,True,False,False,,,NOT_APPLICABLE_EXPLICIT_ID,NOT_GENERATED_COPY_EXPLICITLY,True,NONE,DIRECT_INSERT_SELECT_COMPATIBLE
dataset_split_images,dataset_split_images,original_tfds_label,original_tfds_label,integer,integer,True,True,True,,,NOT_APPLICABLE_EXPLICIT_ID,NOT_GENERATED_COPY_EXPLICITLY,True,NONE,DIRECT_INSERT_SELECT_COMPATIBLE
dataset_split_images,dataset_split_images,project_label,project_label,integer,integer,True,False,False,,,NOT_APPLICABLE_EXPLICIT_ID,NOT_GENERATED_COPY_EXPLICITLY,True,NONE,DIRECT_INSERT_SELECT_COMPATIBLE
dataset_split_images,dataset_split_images,label_mapping_version,label_mapping_version,text,text,True,False,False,,,NOT_APPLICABLE_EXPLICIT_ID,NOT_GENERATED_COPY_EXPLICITLY,True,NONE,DIRECT_INSERT_SELECT_COMPATIBLE
dataset_split_images,dataset_split_images,image_width,image_width,integer,integer,True,True,True,,,NOT_APPLICABLE_EXPLICIT_ID,NOT_GENERATED_COPY_EXPLICITLY,True,NONE,DIRECT_INSERT_SELECT_COMPATIBLE
dataset_split_images,dataset_split_images,image_height,image_height,integer,integer,True,True,True,,,NOT_APPLICABLE_EXPLICIT_ID,NOT_GENERATED_COPY_EXPLICITLY,True,NONE,DIRECT_INSERT_SELECT_COMPATIBLE
dataset_split_images,dataset_split_images,file_size_bytes,file_size_bytes,bigint,bigint,True,True,True,,,NOT_APPLICABLE_EXPLICIT_ID,NOT_GENERATED_COPY_EXPLICITLY,True,NONE,DIRECT_INSERT_SELECT_COMPATIBLE
dataset_split_images,dataset_split_images,checksum_sha256,checksum_sha256,text,text,True,True,True,,,NOT_APPLICABLE_EXPLICIT_ID,NOT_GENERATED_COPY_EXPLICITLY,True,NONE,DIRECT_INSERT_SELECT_COMPATIBLE
dataset_split_images,dataset_split_images,created_at,created_at,timestamp with time zone,timestamp with time zone,True,False,False,now(),now(),NOT_APPLICABLE_EXPLICIT_ID,NOT_GENERATED_COPY_EXPLICITLY,True,NONE,DIRECT_INSERT_SELECT_COMPATIBLE
dataset_split_images,dataset_split_images,updated_at,updated_at,timestamp with time zone,timestamp with time zone,True,False,False,now(),now(),NOT_APPLICABLE_EXPLICIT_ID,NOT_GENERATED_COPY_EXPLICITLY,True,NONE,DIRECT_INSERT_SELECT_COMPATIBLE
dataset_split_images,dataset_split_images,metadata,metadata,jsonb,jsonb,True,False,False,'{}'::jsonb,'{}'::jsonb,NOT_APPLICABLE_EXPLICIT_ID,NOT_GENERATED_COPY_EXPLICITLY,True,NONE,DIRECT_INSERT_SELECT_COMPATIBLE
dataset_split_images,dataset_split_images,dataset_version_id,dataset_version_id,uuid,uuid,True,True,True,,,NOT_APPLICABLE_EXPLICIT_ID,NOT_GENERATED_COPY_EXPLICITLY,True,NONE,DIRECT_INSERT_SELECT_COMPATIBLE
dataset_split_images,dataset_split_images,dataset_materialization_id,dataset_materialization_id,uuid,uuid,True,True,True,,,NOT_APPLICABLE_EXPLICIT_ID,NOT_GENERATED_COPY_EXPLICITLY,True,NONE,DIRECT_INSERT_SELECT_COMPATIBLE
roles,roles,id,id,uuid,uuid,True,False,False,,,NOT_APPLICABLE_EXPLICIT_ID,NOT_GENERATED_COPY_EXPLICITLY,True,NONE,DIRECT_INSERT_SELECT_COMPATIBLE
roles,roles,name,name,text,text,True,False,False,,,NOT_APPLICABLE_EXPLICIT_ID,NOT_GENERATED_COPY_EXPLICITLY,True,NONE,DIRECT_INSERT_SELECT_COMPATIBLE
roles,roles,created_at,created_at,timestamp with time zone,timestamp with time zone,True,False,False,now(),now(),NOT_APPLICABLE_EXPLICIT_ID,NOT_GENERATED_COPY_EXPLICITLY,True,NONE,DIRECT_INSERT_SELECT_COMPATIBLE
users,users,id,id,uuid,uuid,True,False,False,,,NOT_APPLICABLE_EXPLICIT_ID,NOT_GENERATED_COPY_EXPLICITLY,True,NONE,DIRECT_INSERT_SELECT_COMPATIBLE
users,users,username,username,text,text,True,False,False,,,NOT_APPLICABLE_EXPLICIT_ID,NOT_GENERATED_COPY_EXPLICITLY,True,NONE,DIRECT_INSERT_SELECT_COMPATIBLE
users,users,email,email,text,text,True,True,True,,,NOT_APPLICABLE_EXPLICIT_ID,NOT_GENERATED_COPY_EXPLICITLY,True,NONE,DIRECT_INSERT_SELECT_COMPATIBLE
users,users,password_hash,password_hash,text,text,True,False,False,,,NOT_APPLICABLE_EXPLICIT_ID,NOT_GENERATED_COPY_EXPLICITLY,True,NONE,DIRECT_INSERT_SELECT_COMPATIBLE
users,users,status,status,text,text,True,False,False,'active'::text,'active'::text,NOT_APPLICABLE_EXPLICIT_ID,NOT_GENERATED_COPY_EXPLICITLY,True,NONE,DIRECT_INSERT_SELECT_COMPATIBLE
users,users,created_at,created_at,timestamp with time zone,timestamp with time zone,True,False,False,now(),now(),NOT_APPLICABLE_EXPLICIT_ID,NOT_GENERATED_COPY_EXPLICITLY,True,NONE,DIRECT_INSERT_SELECT_COMPATIBLE
users,users,updated_at,updated_at,timestamp with time zone,timestamp with time zone,True,False,False,now(),now(),NOT_APPLICABLE_EXPLICIT_ID,NOT_GENERATED_COPY_EXPLICITLY,True,NONE,DIRECT_INSERT_SELECT_COMPATIBLE
users,users,last_login_at,last_login_at,timestamp with time zone,timestamp with time zone,True,True,True,,,NOT_APPLICABLE_EXPLICIT_ID,NOT_GENERATED_COPY_EXPLICITLY,True,NONE,DIRECT_INSERT_SELECT_COMPATIBLE
users,users,disabled_at,disabled_at,timestamp with time zone,timestamp with time zone,True,True,True,,,NOT_APPLICABLE_EXPLICIT_ID,NOT_GENERATED_COPY_EXPLICITLY,True,NONE,DIRECT_INSERT_SELECT_COMPATIBLE
user_roles,user_roles,user_id,user_id,uuid,uuid,True,False,False,,,NOT_APPLICABLE_EXPLICIT_ID,NOT_GENERATED_COPY_EXPLICITLY,True,NONE,DIRECT_INSERT_SELECT_COMPATIBLE
user_roles,user_roles,role_id,role_id,uuid,uuid,True,False,False,,,NOT_APPLICABLE_EXPLICIT_ID,NOT_GENERATED_COPY_EXPLICITLY,True,NONE,DIRECT_INSERT_SELECT_COMPATIBLE
user_roles,user_roles,created_at,created_at,timestamp with time zone,timestamp with time zone,True,False,False,now(),now(),NOT_APPLICABLE_EXPLICIT_ID,NOT_GENERATED_COPY_EXPLICITLY,True,NONE,DIRECT_INSERT_SELECT_COMPATIBLE
