domain,table,action,purpose,justification
E. Model versions / checkpoints,artifacts,MODIFY,"Registro de archivos de run/checkpoint, URI, hash y disponibilidad; no almacén de bytes.","Ajuste explícito de dominio recall, normalización XAI, índices o protección referencial; detalle SQL y ficha."
K. Evaluaciones,assessment_artifacts,KEEP,"Evidencia de archivos por intento/muestra/rol, con payload inmutable y artifact_id único.",Contrato existente representa este concepto y sus dependencias; no requiere otra entidad.
K. Evaluaciones,assessment_attempts,KEEP,"Intento autorizado evaluate/explain; owner, ordinal, estado y verificación final.",Contrato existente representa este concepto y sus dependencias; no requiere otra entidad.
K. Evaluaciones,assessment_campaign_consumers,KEEP,"Consumo gobernado de identidad assessment por campaña/miembro, sin duplicar ejecución.",Contrato existente representa este concepto y sus dependencias; no requiere otra entidad.
K. Evaluaciones,assessment_final_locks,KEEP,Compromiso previo de candidato/decisión que habilita evaluación final TEST.,Contrato existente representa este concepto y sus dependencias; no requiere otra entidad.
K. Evaluaciones,assessment_identities,KEEP,Identidad canónica y hashes de modelo/dataset/población/protocolo de assessment.,Contrato existente representa este concepto y sus dependencias; no requiere otra entidad.
K. Evaluaciones,assessment_results,KEEP,"Evidencia por intento/muestra; scores o explicación, append-only, proyección tipada v2.",Contrato existente representa este concepto y sus dependencias; no requiere otra entidad.
Q. Auditoría y trazabilidad técnica,audit_events,KEEP,Auditoría de seguridad y operaciones; login no es ejecución experimental.,Contrato existente representa este concepto y sus dependencias; no requiere otra entidad.
C. Imágenes / pacientes / splits,blood_samples,KEEP,"Muestra biológica de un caso y su identidad de ingestión, archivo y procedencia.",Contrato existente representa este concepto y sus dependencias; no requiere otra entidad.
I. Campañas,campaign_attempts,KEEP,"Ordinal e historial de intentos por miembro, TRAIN asociado, estado y aceptación.",Contrato existente representa este concepto y sus dependencias; no requiere otra entidad.
I. Campañas,campaign_configurations,KEEP,"Configuración y hash canónicos por campaña; snapshot/request para reserva, columnas por run en v2.",Contrato existente representa este concepto y sus dependencias; no requiere otra entidad.
I. Campañas,campaign_controlled_requests,KEEP,Request idempotente de un reintento autorizado sobre campaña pausada y revisión técnica.,Contrato existente representa este concepto y sus dependencias; no requiere otra entidad.
I. Campañas,campaign_execution_events,KEEP,Historial append-only de coordinación de una campaña.,Contrato existente representa este concepto y sus dependencias; no requiere otra entidad.
I. Campañas,campaign_members,KEEP,"Posición, configuración/semilla y estado del candidato; referencia al intento aceptado.",Contrato existente representa este concepto y sus dependencias; no requiere otra entidad.
I. Campañas,campaign_technical_revisions,KEEP,Cambio técnico autorizado de entorno sin modificar contrato científico congelado.,Contrato existente representa este concepto y sus dependencias; no requiere otra entidad.
C. Imágenes / pacientes / splits,cell_classification_events,KEEP,"Progreso, errores y resultados de clasificación celular por ejecución/entrada.",Contrato existente representa este concepto y sus dependencias; no requiere otra entidad.
C. Imágenes / pacientes / splits,cell_classification_inputs,KEEP,"Conjunto ordenado congelado de crops/detecciones, elegibilidad y checksum del input.",Contrato existente representa este concepto y sus dependencias; no requiere otra entidad.
C. Imágenes / pacientes / splits,cell_classification_reviews,KEEP,Decisión humana sobre predicción celular; no altera la salida automática.,Contrato existente representa este concepto y sus dependencias; no requiere otra entidad.
C. Imágenes / pacientes / splits,cell_classification_runs,KEEP,"Ejecución clínica con snapshot de modelo/política, manifiesto de inputs y máquina de estado.",Contrato existente representa este concepto y sus dependencias; no requiere otra entidad.
C. Imágenes / pacientes / splits,cell_crops,KEEP,Artefacto de recorte y geometría por detección; entrada de clasificación/XAI.,Contrato existente representa este concepto y sus dependencias; no requiere otra entidad.
C. Imágenes / pacientes / splits,cell_detection_events,KEEP,Progreso y eventos de detección sobre imágenes del análisis.,Contrato existente representa este concepto y sus dependencias; no requiere otra entidad.
C. Imágenes / pacientes / splits,cell_detection_runs,KEEP,"Identidad/versiones del detector, perfil y estado sobre análisis de microscopía.",Contrato existente representa este concepto y sus dependencias; no requiere otra entidad.
C. Imágenes / pacientes / splits,cell_detections,KEEP,Detecciones propuestas y revisadas a partir de componentes; geometría por célula.,Contrato existente representa este concepto y sus dependencias; no requiere otra entidad.
O. XAI,cell_explanations,KEEP,Ciclo de vida y artefactos Grad-CAM de una predicción celular; extensión reproducible xai_evidence.,Contrato existente representa este concepto y sus dependencias; no requiere otra entidad.
C. Imágenes / pacientes / splits,cell_predictions,KEEP,"Salida IA por input congelado, probabilidades, umbral, preprocessing y estado; no diagnóstico humano.",Contrato existente representa este concepto y sus dependencias; no requiere otra entidad.
L. Métricas clínicas,classification_reports,VIEW,Proyección derivada de métricas clínicas.,Lectura derivada de run_clinical_metrics; evita duplicar conteos y tasas.
B. Dataset,clinical_identities,KEEP,Identidad científica de paciente usada para agrupar el split; protegida.,Contrato existente representa este concepto y sus dependencias; no requiere otra entidad.
L. Métricas clínicas,confusion_matrices,VIEW,Proyección derivada de métricas clínicas.,Lectura derivada de run_clinical_metrics; evita duplicar conteos y tasas.
B. Dataset,dataset_materialization_activations,KEEP,Historial de activación de una materialización científica sin alterar assignments.,Contrato existente representa este concepto y sus dependencias; no requiere otra entidad.
B. Dataset,dataset_materializations,KEEP,Materialización con ruta/estado/fingerprint y validación; protegida.,Contrato existente representa este concepto y sus dependencias; no requiere otra entidad.
B. Dataset,dataset_source_records,KEEP,"Registro fuente de cada imagen, identidad, etiqueta y hashes verificados.",Contrato existente representa este concepto y sus dependencias; no requiere otra entidad.
B. Dataset,dataset_split_assignments,KEEP,Asignación científica versionada por fuente/paciente; autoridad del universo oficial.,Contrato existente representa este concepto y sus dependencias; no requiere otra entidad.
B. Dataset,dataset_split_images,MODIFY,"Inventario físico de imágenes por raíz; dos representaciones, no doble población.","Ajuste explícito de dominio recall, normalización XAI, índices o protección referencial; detalle SQL y ficha."
B. Dataset,dataset_split_statistics,KEEP,Estadísticas congeladas del split científico por versión.,Contrato existente representa este concepto y sus dependencias; no requiere otra entidad.
B. Dataset,dataset_split_validation_checks,KEEP,Evidencia de validaciones PASS/FAIL del split por versión.,Contrato existente representa este concepto y sus dependencias; no requiere otra entidad.
B. Dataset,dataset_splits,MODIFY,Distribuciones históricas por dataset requeridas por contratos de descubrimiento/features.,"Ajuste explícito de dominio recall, normalización XAI, índices o protección referencial; detalle SQL y ficha."
B. Dataset,dataset_version_sources,KEEP,Fuentes vinculadas a la versión científica congelada.,Contrato existente representa este concepto y sus dependencias; no requiere otra entidad.
B. Dataset,dataset_versions,KEEP,"Versión FROZEN, protocolo/semilla/identidad científica del dataset.",Contrato existente representa este concepto y sus dependencias; no requiere otra entidad.
B. Dataset,datasets,KEEP,Catálogo de datasets y origen; no confundir ID con dataset_version_id.,Contrato existente representa este concepto y sus dependencias; no requiere otra entidad.
P. Publicación / deployment,deployed_model_versions,KEEP,"Versión desplegada, ámbito y snapshots de umbral/preprocessing/contrato de entrada.",Contrato existente representa este concepto y sus dependencias; no requiere otra entidad.
Q. Auditoría y trazabilidad técnica,environment_packages,MODIFY,Versiones de paquetes del entorno de ejecución por run.,"Ajuste explícito de dominio recall, normalización XAI, índices o protección referencial; detalle SQL y ficha."
Q. Auditoría y trazabilidad técnica,errors,MODIFY,"Errores técnicos de run/script, distintos de métricas de modelo.","Ajuste explícito de dominio recall, normalización XAI, índices o protección referencial; detalle SQL y ficha."
N. Ensembles,evaluation_ensemble_members,KEEP,Componentes y pesos del ensemble de una evaluación.,Contrato existente representa este concepto y sus dependencias; no requiere otra entidad.
K. Evaluaciones,evaluations,KEEP,"Contexto científico, población, umbral y procedencia de una evaluación.",Contrato existente representa este concepto y sus dependencias; no requiere otra entidad.
Q. Auditoría y trazabilidad técnica,execution_logs,MODIFY,"Logs estructurados de ejecución, fuente/nivel/mensaje para observabilidad.","Ajuste explícito de dominio recall, normalización XAI, índices o protección referencial; detalle SQL y ficha."
J. TRAIN / execution ledger,experiment_execution_events,KEEP,"Evidencia global append-only owner/event/payload, distinta del stream RunEvent.",Contrato existente representa este concepto y sus dependencias; no requiere otra entidad.
J. TRAIN / execution ledger,experiment_execution_gate,KEEP,Singleton de exclusión global y fencing con owner/PID/evidencia de procesos.,Contrato existente representa este concepto y sus dependencias; no requiere otra entidad.
I. Campañas,experimental_campaigns,KEEP,"Contrato científico y presupuesto de campaña, dataset/entorno y máquina de estado.",Contrato existente representa este concepto y sus dependencias; no requiere otra entidad.
F. Experimentos,experiments,KEEP,Agrupación de runs por proyecto/experimento científico.,Contrato existente representa este concepto y sus dependencias; no requiere otra entidad.
O. XAI,explainability_results,MODIFY,"Resultado XAI ML ligado a run/predicción, caso y salida visual; padre de evidencia v2.","Ajuste explícito de dominio recall, normalización XAI, índices o protección referencial; detalle SQL y ficha."
B. Dataset,identity_evidence,KEEP,Procedencia/verificación de asociación imagen fuente–identidad clínica.,Contrato existente representa este concepto y sus dependencias; no requiere otra entidad.
C. Imágenes / pacientes / splits,image_analysis_jobs,KEEP,"Trabajo de inferencia trazable por imagen, input/checksum y despliegue.",Contrato existente representa este concepto y sus dependencias; no requiere otra entidad.
C. Imágenes / pacientes / splits,image_connected_components,KEEP,Componentes numéricos/geometría extraídos por detector de imagen.,Contrato existente representa este concepto y sus dependencias; no requiere otra entidad.
C. Imágenes / pacientes / splits,image_ingestion_batches,KEEP,Lote de ingestión vinculado a caso/muestra/lámina e identidad de origen.,Contrato existente representa este concepto y sus dependencias; no requiere otra entidad.
C. Imágenes / pacientes / splits,image_quality_assessments,KEEP,"Control de calidad de imagen dentro de análisis, mediciones/decisión y explicación.",Contrato existente representa este concepto y sus dependencias; no requiere otra entidad.
J. TRAIN / execution ledger,local_execution_jobs,KEEP,"Reserva remota, identidad principal/agente, heartbeat/resultado/exit; retiene gate hasta salida.",Contrato existente representa este concepto y sus dependencias; no requiere otra entidad.
C. Imágenes / pacientes / splits,microscopy_analysis_events,KEEP,Historial de cambios/progreso del análisis de microscopía.,Contrato existente representa este concepto y sus dependencias; no requiere otra entidad.
C. Imágenes / pacientes / splits,microscopy_analysis_run_images,KEEP,"Binding ordenado e inmutable análisis–imagen, entrada de QC y detección.",Contrato existente representa este concepto y sus dependencias; no requiere otra entidad.
C. Imágenes / pacientes / splits,microscopy_analysis_runs,KEEP,"Proceso de análisis de frotis, caso/muestra/lámina y estado; no TRAIN.",Contrato existente representa este concepto y sus dependencias; no requiere otra entidad.
C. Imágenes / pacientes / splits,microscopy_images,KEEP,"Imagen clínica capturada, storage, orientación/dimensiones/procedencia y muestra.",Contrato existente representa este concepto y sus dependencias; no requiere otra entidad.
Q. Auditoría y trazabilidad técnica,model_governance_backfill_audit,REMOVE,"Evidencia de acreditación/backfill de linaje de versiones, no fuente científica alterna.",Historia de instalación/backfill legacy no necesaria para construir una base vacía; conservar fuera de BD-v2.
E. Model versions / checkpoints,model_versions,KEEP,"Versión y checkpoint exactos ligados a TRAIN, signatures/snapshots y estado de gobernanza.",Contrato existente representa este concepto y sus dependencias; no requiere otra entidad.
D. Modelos,models,KEEP,"Catálogo protegido de arquitecturas, tres modelos vigentes.",Contrato existente representa este concepto y sus dependencias; no requiere otra entidad.
C. Imágenes / pacientes / splits,predictions,MODIFY,Predicción ML/evaluación/inferencia trazable; v2 agrega evaluación y fuente científica tipadas.,"Ajuste explícito de dominio recall, normalización XAI, índices o protección referencial; detalle SQL y ficha."
C. Imágenes / pacientes / splits,quality_assessment_queue_items,KEEP,"Cola e identidad del trabajo QC, reintentos y estado técnico.",Contrato existente representa este concepto y sus dependencias; no requiere otra entidad.
C. Imágenes / pacientes / splits,quality_gate_decisions,KEEP,Decisión del gate QC y política aplicada para permitir etapas posteriores.,Contrato existente representa este concepto y sus dependencias; no requiere otra entidad.
C. Imágenes / pacientes / splits,research_subjects,KEEP,Sujeto del dominio clínico/investigación; no recrear identidades científicas del split.,Contrato existente representa este concepto y sus dependencias; no requiere otra entidad.
A. Usuarios / seguridad,roles,KEEP,"Roles de autenticación protegidos, no modificar por añadir XAI.",Contrato existente representa este concepto y sus dependencias; no requiere otra entidad.
E. Model versions / checkpoints,run_checkpoint_policy,MODIFY,"Selección de checkpoint, monitor/criterios/warnings y binding a versión/artefacto.","Ajuste explícito de dominio recall, normalización XAI, índices o protección referencial; detalle SQL y ficha."
L. Métricas clínicas,run_clinical_metrics,MODIFY,"Única medición binaria por evaluación: conteos, tasas, AUC, aliases controlados y razones NULL.","Ajuste explícito de dominio recall, normalización XAI, índices o protección referencial; detalle SQL y ficha."
H. Run configurations,run_configurations,MODIFY,"Configuración científica efectiva, tipada e inmutable de cada TRAIN.","Ajuste explícito de dominio recall, normalización XAI, índices o protección referencial; detalle SQL y ficha."
C. Imágenes / pacientes / splits,run_dataset_images,MODIFY,Uso efectivo de imagen física por run y contexto TRAIN/val/evaluate/inference.,"Ajuste explícito de dominio recall, normalización XAI, índices o protección referencial; detalle SQL y ficha."
C. Imágenes / pacientes / splits,run_image_predictions,MODIFY,Trazabilidad de imagen/predicción específica del contrato clínico de tracking histórico.,"Ajuste explícito de dominio recall, normalización XAI, índices o protección referencial; detalle SQL y ficha."
Q. Auditoría y trazabilidad técnica,run_io_records,MODIFY,Manifiestos de entradas/salidas de run y evidencia de dataset/modelo/preprocessing.,"Ajuste explícito de dominio recall, normalización XAI, índices o protección referencial; detalle SQL y ficha."
Q. Auditoría y trazabilidad técnica,run_lineage,KEEP,"Linaje TRAIN/EVALUATE/EXPLAIN con checkpoint/versión, claves compuestas.",Contrato existente representa este concepto y sus dependencias; no requiere otra entidad.
L. Métricas clínicas,run_metrics,MODIFY,Métricas extensibles EAV; v2 reserva las métricas binarias estables al registro tipado.,"Ajuste explícito de dominio recall, normalización XAI, índices o protección referencial; detalle SQL y ficha."
P. Publicación / deployment,run_model_deployments,KEEP,"Versiones/despliegues consumidos por run, rol/ordinal/peso (incluidos ensembles).",Contrato existente representa este concepto y sus dependencias; no requiere otra entidad.
M. Calibración,run_threshold_calibration,MODIFY,Evidencia de calibración val y umbral elegido; v2 enlaza evaluaciones default/seleccionada.,"Ajuste explícito de dominio recall, normalización XAI, índices o protección referencial; detalle SQL y ficha."
G. Runs,runs,MODIFY,"Identidad/ciclo de vida, entorno y resumen técnico; resultados/config consultables fuera del JSON.","Ajuste explícito de dominio recall, normalización XAI, índices o protección referencial; detalle SQL y ficha."
Q. Auditoría y trazabilidad técnica,schema_migrations,REMOVE,"Ledger de archivos SQL históricos/checksums; evidencia conservada, sin evolución nueva.",Historia de instalación/backfill legacy no necesaria para construir una base vacía; conservar fuera de BD-v2.
C. Imágenes / pacientes / splits,scientific_cases,KEEP,"Caso/solicitud clínica científica, sujeto, prioridad, procedencia y archivo.",Contrato existente representa este concepto y sus dependencias; no requiere otra entidad.
C. Imágenes / pacientes / splits,scientific_reviews,KEEP,"Revisión científica de entidad existente, autor/decisión/razón y trazabilidad.",Contrato existente representa este concepto y sus dependencias; no requiere otra entidad.
C. Imágenes / pacientes / splits,scientific_validation_annotation_events,KEEP,Historial de versiones/estado antes-después de anotación por usuario.,Contrato existente representa este concepto y sus dependencias; no requiere otra entidad.
C. Imágenes / pacientes / splits,scientific_validation_annotations,KEEP,"Anotación humana de referencia por sesión/target, versionada para validación.",Contrato existente representa este concepto y sus dependencias; no requiere otra entidad.
C. Imágenes / pacientes / splits,scientific_validation_classification_runs,KEEP,"Binding sesión de validación–ejecución de clasificación, sin copiar outputs.",Contrato existente representa este concepto y sus dependencias; no requiere otra entidad.
C. Imágenes / pacientes / splits,scientific_validation_detection_runs,KEEP,Binding sesión de validación–detección con configuración exacta.,Contrato existente representa este concepto y sus dependencias; no requiere otra entidad.
C. Imágenes / pacientes / splits,scientific_validation_images,KEEP,Conjunto de imágenes de referencia de sesión con secuencia y hash congelados.,Contrato existente representa este concepto y sus dependencias; no requiere otra entidad.
C. Imágenes / pacientes / splits,scientific_validation_sessions,KEEP,Protocolo/snapshot inicial y estado de sesión de validación científica de microscopía.,Contrato existente representa este concepto y sus dependencias; no requiere otra entidad.
C. Imágenes / pacientes / splits,smear_analysis_summaries,KEEP,Resumen automático/revisado de frotis según política de agregación; no diagnóstico confirmado.,Contrato existente representa este concepto y sus dependencias; no requiere otra entidad.
C. Imágenes / pacientes / splits,smear_slides,KEEP,"Lámina/portaobjetos de la muestra, tipo de frotis y procedencia.",Contrato existente representa este concepto y sus dependencias; no requiere otra entidad.
P. Publicación / deployment,stage2_model_publication_events,KEEP,Historial de publicar/desactivar/reactivar modelo para Etapa 2.,Contrato existente representa este concepto y sus dependencias; no requiere otra entidad.
P. Publicación / deployment,stage2_model_publications,KEEP,Versión/artefacto/TRAIN/EVALUATE publicados; v2 refuerza TRAIN propio de versión.,Contrato existente representa este concepto y sus dependencias; no requiere otra entidad.
C. Imágenes / pacientes / splits,synthetic_data_runs,MODIFY,Procedencia de generación sintética y dataset fuente por run; no duplica dataset oficial.,"Ajuste explícito de dominio recall, normalización XAI, índices o protección referencial; detalle SQL y ficha."
J. TRAIN / execution ledger,train_execution_records,KEEP,"Ledger mixto legacy/E10: PK run-kind-phase-key, event_id global y sequence por run.",Contrato existente representa este concepto y sus dependencias; no requiere otra entidad.
J. TRAIN / execution ledger,train_execution_revisions,KEEP,Binding inmutable intento/campaña/revisión técnica de ejecución secuencial.,Contrato existente representa este concepto y sus dependencias; no requiere otra entidad.
J. TRAIN / execution ledger,train_execution_sessions,KEEP,"Sesión TRAIN autorizada, owner/runtime/config/dataset/estado; padre de records.",Contrato existente representa este concepto y sus dependencias; no requiere otra entidad.
J. TRAIN / execution ledger,training_history,MODIFY,Curvas TRAIN/val por run-fase-epoch; v2 unicidad y métricas clínicas por época.,"Ajuste explícito de dominio recall, normalización XAI, índices o protección referencial; detalle SQL y ficha."
A. Usuarios / seguridad,user_roles,KEEP,Asociación protegida usuario–rol.,Contrato existente representa este concepto y sus dependencias; no requiere otra entidad.
A. Usuarios / seguridad,users,KEEP,Identidad/autenticación y hashes de contraseña protegidos; nunca fixtures de diseño.,Contrato existente representa este concepto y sus dependencias; no requiere otra entidad.
O. XAI,xai_artifacts,MODIFY,Manifiesto de archivos numéricos y visuales externos de una explicación.,"Ajuste explícito de dominio recall, normalización XAI, índices o protección referencial; detalle SQL y ficha."
O. XAI,xai_evaluation_members,NEW,"Miembros N:M de cada medición XAI, con rol y membresía congelada.",No existe entidad equivalente; separa identidad/configuración o relación N:M sin duplicar explicaciones.
O. XAI,xai_evaluation_protocols,NEW,Identidad reproducible del protocolo de una métrica XAI extensible.,No existe entidad equivalente; separa identidad/configuración o relación N:M sin duplicar explicaciones.
O. XAI,xai_evidence,MODIFY,Explicación individual reproducible con contexto experimental o celular y checkpoint.,"Ajuste explícito de dominio recall, normalización XAI, índices o protección referencial; detalle SQL y ficha."
O. XAI,xai_interpretations,KEEP,Interpretación escrita y versionada de la explicación por un autor.,Contrato existente representa este concepto y sus dependencias; no requiere otra entidad.
O. XAI,xai_method_configurations,NEW,"Identidad reutilizable de método, implementación, versión y parámetros XAI.",No existe entidad equivalente; separa identidad/configuración o relación N:M sin duplicar explicaciones.
O. XAI,xai_quantitative_evaluations,MODIFY,Una medición vertical por protocolo y conjunto de explicaciones; NULL con razón.,"Ajuste explícito de dominio recall, normalización XAI, índices o protección referencial; detalle SQL y ficha."
O. XAI,xai_region_attributions,NEW,Atribución por región discreta; los mapas densos permanecen en archivos externos.,No existe entidad equivalente; separa identidad/configuración o relación N:M sin duplicar explicaciones.
O. XAI,xai_specialist_reviews,KEEP,"Revisión clínica de la interpretación, independiente de Agreement.",Contrato existente representa este concepto y sus dependencias; no requiere otra entidad.
