relationship,name,parent_table,parent_columns,child_table,child_columns,cardinality,optional,on_delete,on_update,deferrable,initially_deferred,via
FK,artifacts_run_id_fkey,runs,id,artifacts,run_id,1:N,true,RESTRICT,NO ACTION,false,false,
FK,assessment_artifacts_attempt_id_fkey,assessment_attempts,id,assessment_artifacts,attempt_id,1:N,false,NO ACTION,NO ACTION,false,false,
FK,assessment_attempts_identity_id_fkey,assessment_identities,id,assessment_attempts,identity_id,1:N,false,NO ACTION,NO ACTION,false,false,
FK,assessment_campaign_consumers_campaign_id_fkey,experimental_campaigns,id,assessment_campaign_consumers,campaign_id,1:N,false,NO ACTION,NO ACTION,false,false,
FK,assessment_campaign_consumers_identity_id_fkey,assessment_identities,id,assessment_campaign_consumers,identity_id,1:N,false,NO ACTION,NO ACTION,false,false,
FK,assessment_campaign_consumers_member_id_fkey,campaign_members,id,assessment_campaign_consumers,member_id,1:N,false,NO ACTION,NO ACTION,false,false,
FK,assessment_identities_training_run_id_fkey,runs,id,assessment_identities,training_run_id,1:N,false,NO ACTION,NO ACTION,false,false,
FK,assessment_results_attempt_id_fkey,assessment_attempts,id,assessment_results,attempt_id,1:N,false,NO ACTION,NO ACTION,false,false,
FK,audit_events_actor_user_id_fkey,users,id,audit_events,actor_user_id,1:N,true,RESTRICT,NO ACTION,false,false,
FK,blood_samples_archived_by_fkey,users,id,blood_samples,archived_by,1:N,true,RESTRICT,NO ACTION,false,false,
FK,blood_samples_case_id_fkey,scientific_cases,id,blood_samples,case_id,1:N,false,RESTRICT,NO ACTION,false,false,
FK,blood_samples_created_by_fkey,users,id,blood_samples,created_by,1:N,false,RESTRICT,NO ACTION,false,false,
FK,blood_samples_updated_by_fkey,users,id,blood_samples,updated_by,1:N,true,RESTRICT,NO ACTION,false,false,
FK,campaign_attempts_member_id_fkey,campaign_members,id,campaign_attempts,member_id,1:N,false,RESTRICT,NO ACTION,false,false,
FK,campaign_attempts_training_run_id_fkey,runs,id,campaign_attempts,training_run_id,1:1,true,RESTRICT,NO ACTION,false,false,
FK,campaign_configurations_campaign_id_fkey,experimental_campaigns,id,campaign_configurations,campaign_id,1:N,false,RESTRICT,NO ACTION,false,false,
FK,campaign_controlled_requests_attempt_id_fkey,campaign_attempts,id,campaign_controlled_requests,attempt_id,1:1,false,NO ACTION,NO ACTION,true,true,
FK,campaign_controlled_requests_campaign_id_fkey,experimental_campaigns,id,campaign_controlled_requests,campaign_id,1:N,false,NO ACTION,NO ACTION,false,false,
FK,campaign_controlled_requests_campaign_id_revision_id_fkey,campaign_technical_revisions,"campaign_id,id",campaign_controlled_requests,"campaign_id,revision_id",1:N,false,NO ACTION,NO ACTION,false,false,
FK,campaign_controlled_requests_member_id_fkey,campaign_members,id,campaign_controlled_requests,member_id,1:N,false,NO ACTION,NO ACTION,false,false,
FK,campaign_controlled_requests_previous_attempt_id_fkey,campaign_attempts,id,campaign_controlled_requests,previous_attempt_id,1:1,false,NO ACTION,NO ACTION,false,false,
FK,campaign_controlled_requests_run_id_fkey,runs,id,campaign_controlled_requests,run_id,1:1,false,NO ACTION,NO ACTION,true,true,
FK,campaign_execution_events_campaign_id_fkey,experimental_campaigns,id,campaign_execution_events,campaign_id,1:N,false,NO ACTION,NO ACTION,false,false,
FK,campaign_members_campaign_id_configuration_hash_fkey,campaign_configurations,"campaign_id,configuration_hash",campaign_members,"campaign_id,configuration_hash",1:N,false,RESTRICT,NO ACTION,false,false,
FK,campaign_members_campaign_id_fkey,experimental_campaigns,id,campaign_members,campaign_id,1:N,false,RESTRICT,NO ACTION,false,false,
FK,fk_member_accepted_attempt,campaign_attempts,"member_id,id",campaign_members,"id,accepted_attempt_id",1:1,true,NO ACTION,NO ACTION,true,true,
FK,campaign_technical_revisions_campaign_id_fkey,experimental_campaigns,id,campaign_technical_revisions,campaign_id,1:N,false,NO ACTION,NO ACTION,false,false,
FK,cell_classification_events_cell_detection_id_fkey,cell_detections,id,cell_classification_events,cell_detection_id,1:N,true,RESTRICT,NO ACTION,false,false,
FK,cell_classification_events_classification_run_id_fkey,cell_classification_runs,id,cell_classification_events,classification_run_id,1:N,false,RESTRICT,NO ACTION,false,false,
FK,fk_cell_classification_event_prediction,cell_predictions,"id,classification_run_id",cell_classification_events,"cell_prediction_id,classification_run_id",1:N,true,RESTRICT,NO ACTION,false,false,
FK,fk_cell_classification_input_crop,cell_crops,"id,cell_detection_id",cell_classification_inputs,"crop_id,cell_detection_id",1:N,true,RESTRICT,NO ACTION,false,false,
FK,fk_cell_classification_input_detection,cell_detections,"id,detection_run_id,microscopy_image_id",cell_classification_inputs,"cell_detection_id,detection_run_id,microscopy_image_id",1:N,false,RESTRICT,NO ACTION,false,false,
FK,fk_cell_classification_input_run_detection,cell_classification_runs,"id,detection_run_id",cell_classification_inputs,"classification_run_id,detection_run_id",1:N,false,RESTRICT,NO ACTION,false,false,
FK,cell_classification_reviews_actor_user_id_fkey,users,id,cell_classification_reviews,actor_user_id,1:N,false,RESTRICT,NO ACTION,false,false,
FK,cell_classification_reviews_cell_prediction_id_fkey,cell_predictions,id,cell_classification_reviews,cell_prediction_id,1:N,false,RESTRICT,NO ACTION,false,false,
FK,cell_classification_runs_requested_by_fkey,users,id,cell_classification_runs,requested_by,1:N,false,RESTRICT,NO ACTION,false,false,
FK,cell_classification_runs_retry_of_run_id_fkey,cell_classification_runs,id,cell_classification_runs,retry_of_run_id,1:N,true,RESTRICT,NO ACTION,false,false,
FK,fk_cell_classification_run_deployment_version,deployed_model_versions,"id,model_version_id",cell_classification_runs,"production_model_id,model_registry_id",1:N,false,RESTRICT,NO ACTION,false,false,
FK,fk_cell_classification_run_detection_analysis,cell_detection_runs,"id,analysis_run_id",cell_classification_runs,"detection_run_id,analysis_run_id",1:N,false,RESTRICT,NO ACTION,false,false,
FK,fk_cell_classification_run_publication_version,stage2_model_publications,"id,model_version_id",cell_classification_runs,"stage2_publication_id,model_registry_id",1:N,false,RESTRICT,NO ACTION,false,false,
FK,fk_cell_crops_detection,cell_detections,id,cell_crops,cell_detection_id,1:1,false,RESTRICT,NO ACTION,false,false,
FK,cell_detection_events_detection_run_id_fkey,cell_detection_runs,id,cell_detection_events,detection_run_id,1:N,false,RESTRICT,NO ACTION,false,false,
FK,cell_detection_events_microscopy_image_id_fkey,microscopy_images,id,cell_detection_events,microscopy_image_id,1:N,true,RESTRICT,NO ACTION,false,false,
FK,cell_detection_runs_analysis_run_id_fkey,microscopy_analysis_runs,id,cell_detection_runs,analysis_run_id,1:N,false,RESTRICT,NO ACTION,false,false,
FK,cell_detection_runs_requested_by_fkey,users,id,cell_detection_runs,requested_by,1:N,false,RESTRICT,NO ACTION,false,false,
FK,fk_cell_detections_component,image_connected_components,"id,detection_run_id,analysis_run_image_id,microscopy_image_id",cell_detections,"connected_component_id,detection_run_id,analysis_run_image_id,microscopy_image_id",1:1,false,RESTRICT,NO ACTION,false,false,
FK,fk_cell_detections_run_analysis,cell_detection_runs,"id,analysis_run_id",cell_detections,"detection_run_id,analysis_run_id",1:N,false,RESTRICT,NO ACTION,false,false,
FK,cell_explanations_cell_prediction_id_fkey,cell_predictions,id,cell_explanations,cell_prediction_id,1:1,false,RESTRICT,NO ACTION,false,false,
FK,fk_cell_prediction_input_owner,cell_classification_inputs,"id,classification_run_id,cell_detection_id,crop_id",cell_predictions,"classification_input_id,classification_run_id,cell_detection_id,crop_id",1:1,false,RESTRICT,NO ACTION,false,false,
FK,clinical_identities_dataset_id_fkey,datasets,id,clinical_identities,dataset_id,1:N,false,RESTRICT,NO ACTION,false,false,
FK,dataset_materialization_activations_dataset_version_id_fkey,dataset_versions,id,dataset_materialization_activations,dataset_version_id,1:N,false,RESTRICT,NO ACTION,false,false,
FK,dataset_materialization_activations_materialization_id_fkey,dataset_materializations,id,dataset_materialization_activations,materialization_id,1:N,false,RESTRICT,NO ACTION,false,false,
FK,dataset_materializations_dataset_version_id_fkey,dataset_versions,id,dataset_materializations,dataset_version_id,1:N,false,RESTRICT,NO ACTION,false,false,
FK,dataset_source_records_clinical_identity_id_fkey,clinical_identities,id,dataset_source_records,clinical_identity_id,1:N,true,RESTRICT,NO ACTION,false,false,
FK,dataset_source_records_dataset_id_fkey,datasets,id,dataset_source_records,dataset_id,1:N,false,RESTRICT,NO ACTION,false,false,
FK,dataset_split_assignments_clinical_identity_id_fkey,clinical_identities,id,dataset_split_assignments,clinical_identity_id,1:N,false,RESTRICT,NO ACTION,false,false,
FK,dataset_split_assignments_dataset_version_id_fkey,dataset_versions,id,dataset_split_assignments,dataset_version_id,1:N,false,RESTRICT,NO ACTION,false,false,
FK,dataset_split_assignments_source_record_id_fkey,dataset_source_records,id,dataset_split_assignments,source_record_id,1:N,false,RESTRICT,NO ACTION,false,false,
FK,dataset_split_images_dataset_id_fkey,datasets,id,dataset_split_images,dataset_id,1:N,true,RESTRICT,NO ACTION,false,false,
FK,dataset_split_images_dataset_materialization_id_fkey,dataset_materializations,id,dataset_split_images,dataset_materialization_id,1:N,true,RESTRICT,NO ACTION,false,false,
FK,dataset_split_images_dataset_version_id_fkey,dataset_versions,id,dataset_split_images,dataset_version_id,1:N,true,RESTRICT,NO ACTION,false,false,
FK,dataset_split_statistics_dataset_version_id_fkey,dataset_versions,id,dataset_split_statistics,dataset_version_id,1:N,false,RESTRICT,NO ACTION,false,false,
FK,dataset_split_validation_checks_dataset_version_id_fkey,dataset_versions,id,dataset_split_validation_checks,dataset_version_id,1:N,false,RESTRICT,NO ACTION,false,false,
FK,dataset_splits_dataset_id_fkey,datasets,id,dataset_splits,dataset_id,1:N,true,RESTRICT,NO ACTION,false,false,
FK,dataset_version_sources_dataset_id_fkey,datasets,id,dataset_version_sources,dataset_id,1:N,false,RESTRICT,NO ACTION,false,false,
FK,dataset_version_sources_dataset_version_id_fkey,dataset_versions,id,dataset_version_sources,dataset_version_id,1:N,false,RESTRICT,NO ACTION,false,false,
FK,fk_deployed_model_versions_rollback,deployed_model_versions,id,deployed_model_versions,rollback_of_deployment_id,1:N,true,RESTRICT,NO ACTION,false,false,
FK,fk_deployed_model_versions_supersedes,deployed_model_versions,id,deployed_model_versions,supersedes_deployment_id,1:N,true,RESTRICT,NO ACTION,false,false,
FK,fk_deployed_model_versions_threshold_version,run_threshold_calibration,"run_threshold_calibration_id,model_version_id",deployed_model_versions,"threshold_calibration_id,model_version_id",1:N,true,RESTRICT,NO ACTION,false,false,
FK,fk_deployed_model_versions_version_artifact,model_versions,"id,checkpoint_artifact_id",deployed_model_versions,"model_version_id,checkpoint_artifact_id",1:N,false,RESTRICT,NO ACTION,false,false,
FK,environment_packages_run_id_fkey,runs,id,environment_packages,run_id,1:N,true,RESTRICT,NO ACTION,false,false,
FK,errors_run_id_fkey,runs,id,errors,run_id,1:N,true,RESTRICT,NO ACTION,false,false,
FK,v2_evaluation_ensemble_members_foreign_a402d28a70f6,evaluations,id,evaluation_ensemble_members,evaluation_id,1:N,false,RESTRICT,NO ACTION,false,false,
FK,v2_evaluation_ensemble_members_foreign_b946b2b207f3,model_versions,id,evaluation_ensemble_members,model_version_id,1:N,false,RESTRICT,NO ACTION,false,false,
FK,v2_evaluation_ensemble_members_foreign_6aec504c7a2f,artifacts,id,evaluation_ensemble_members,checkpoint_artifact_id,1:N,false,RESTRICT,NO ACTION,false,false,
FK,fk_evaluation_e10_record,train_execution_records,"run_id,kind,phase,record_key",evaluations,"run_id,event_kind,event_phase,event_key",1:N,true,NO ACTION,NO ACTION,true,true,
FK,v2_evaluations_foreign_db5338c19de4,runs,id,evaluations,run_id,1:N,false,RESTRICT,NO ACTION,false,false,
FK,v2_evaluations_foreign_4e6a43d876af,runs,id,evaluations,training_run_id,1:N,false,RESTRICT,NO ACTION,false,false,
FK,v2_evaluations_foreign_6aec504c7a2f,artifacts,id,evaluations,checkpoint_artifact_id,1:N,true,RESTRICT,NO ACTION,false,false,
FK,v2_evaluations_foreign_14b20ff24e12,dataset_versions,id,evaluations,dataset_version_id,1:N,false,RESTRICT,NO ACTION,false,false,
FK,v2_evaluations_foreign_c764adede219,assessment_attempts,id,evaluations,source_assessment_attempt_id,1:N,true,RESTRICT,NO ACTION,false,false,
FK,v2_evaluations_foreign_0baa7d166e2f,run_threshold_calibration,run_threshold_calibration_id,evaluations,calibration_id,1:N,true,RESTRICT,NO ACTION,true,true,
FK,v2_evaluations_foreign_6cfcdf2998f5,model_versions,"id,training_run_id",evaluations,"model_version_id,training_run_id",1:N,true,RESTRICT,NO ACTION,false,false,
FK,fk_v2_evaluation_dataset_origin,dataset_version_sources,"dataset_version_id,dataset_id,role",evaluations,"dataset_version_id,dataset_origin_id,dataset_origin_role",1:N,true,RESTRICT,NO ACTION,false,false,
FK,execution_logs_run_id_fkey,runs,id,execution_logs,run_id,1:N,true,RESTRICT,NO ACTION,false,false,
FK,experimental_campaigns_dataset_evidence_id_fkey,audit_events,id,experimental_campaigns,dataset_evidence_id,1:N,false,RESTRICT,NO ACTION,false,false,
FK,experimental_campaigns_dataset_version_id_fkey,dataset_versions,id,experimental_campaigns,dataset_version_id,1:N,false,RESTRICT,NO ACTION,false,false,
FK,experimental_campaigns_experiment_id_fkey,experiments,id,experimental_campaigns,experiment_id,1:N,true,RESTRICT,NO ACTION,false,false,
FK,explainability_results_prediction_id_fkey,predictions,id,explainability_results,prediction_id,1:N,true,RESTRICT,NO ACTION,false,false,
FK,explainability_results_run_id_fkey,runs,id,explainability_results,run_id,1:N,true,RESTRICT,NO ACTION,false,false,
FK,identity_evidence_clinical_identity_id_fkey,clinical_identities,id,identity_evidence,clinical_identity_id,1:N,false,RESTRICT,NO ACTION,false,false,
FK,identity_evidence_source_record_id_fkey,dataset_source_records,id,identity_evidence,source_record_id,1:N,false,RESTRICT,NO ACTION,false,false,
FK,fk_image_analysis_jobs_input_artifact,artifacts,id,image_analysis_jobs,input_artifact_id,1:N,true,RESTRICT,NO ACTION,false,false,
FK,fk_image_analysis_jobs_run_deployment_version,run_model_deployments,"run_id,deployed_model_version_id,model_version_id",image_analysis_jobs,"inference_run_id,deployed_model_version_id,model_version_id",1:N,false,RESTRICT,NO ACTION,false,false,
FK,fk_image_analysis_jobs_source_image,dataset_split_images,image_id,image_analysis_jobs,source_image_id,1:N,true,RESTRICT,NO ACTION,false,false,
FK,fk_components_detection_analysis,cell_detection_runs,"id,analysis_run_id",image_connected_components,"detection_run_id,analysis_run_id",1:N,false,RESTRICT,NO ACTION,false,false,
FK,fk_components_frozen_image,microscopy_analysis_run_images,"id,analysis_run_id,microscopy_image_id",image_connected_components,"analysis_run_image_id,analysis_run_id,microscopy_image_id",1:N,false,RESTRICT,NO ACTION,false,false,
FK,image_ingestion_batches_case_id_fkey,scientific_cases,id,image_ingestion_batches,case_id,1:N,false,RESTRICT,NO ACTION,false,false,
FK,image_ingestion_batches_created_by_fkey,users,id,image_ingestion_batches,created_by,1:N,false,RESTRICT,NO ACTION,false,false,
FK,image_ingestion_batches_sample_id_fkey,blood_samples,id,image_ingestion_batches,sample_id,1:N,false,RESTRICT,NO ACTION,false,false,
FK,image_ingestion_batches_slide_id_fkey,smear_slides,id,image_ingestion_batches,slide_id,1:N,false,RESTRICT,NO ACTION,false,false,
FK,image_ingestion_batches_subject_id_fkey,research_subjects,id,image_ingestion_batches,subject_id,1:N,false,RESTRICT,NO ACTION,false,false,
FK,image_quality_assessments_analysis_run_id_fkey,microscopy_analysis_runs,id,image_quality_assessments,analysis_run_id,1:N,false,RESTRICT,NO ACTION,false,false,
FK,image_quality_assessments_analysis_run_image_id_analysis_r_fkey,microscopy_analysis_run_images,"id,analysis_run_id,microscopy_image_id",image_quality_assessments,"analysis_run_image_id,analysis_run_id,microscopy_image_id",1:1,false,RESTRICT,NO ACTION,false,false,
FK,image_quality_assessments_microscopy_image_id_fkey,microscopy_images,id,image_quality_assessments,microscopy_image_id,1:N,false,RESTRICT,NO ACTION,false,false,
FK,local_execution_jobs_campaign_id_fkey,experimental_campaigns,id,local_execution_jobs,campaign_id,1:N,false,NO ACTION,NO ACTION,false,false,
FK,local_execution_jobs_run_id_fkey,runs,id,local_execution_jobs,run_id,1:1,true,NO ACTION,NO ACTION,false,false,
FK,microscopy_analysis_events_analysis_run_id_fkey,microscopy_analysis_runs,id,microscopy_analysis_events,analysis_run_id,1:N,false,RESTRICT,NO ACTION,false,false,
FK,microscopy_analysis_events_microscopy_image_id_fkey,microscopy_images,id,microscopy_analysis_events,microscopy_image_id,1:N,true,RESTRICT,NO ACTION,false,false,
FK,microscopy_analysis_run_images_analysis_run_id_fkey,microscopy_analysis_runs,id,microscopy_analysis_run_images,analysis_run_id,1:N,false,RESTRICT,NO ACTION,false,false,
FK,microscopy_analysis_run_images_microscopy_image_id_fkey,microscopy_images,id,microscopy_analysis_run_images,microscopy_image_id,1:N,false,RESTRICT,NO ACTION,false,false,
FK,microscopy_analysis_runs_case_id_fkey,scientific_cases,id,microscopy_analysis_runs,case_id,1:N,false,RESTRICT,NO ACTION,false,false,
FK,microscopy_analysis_runs_ingestion_batch_id_fkey,image_ingestion_batches,id,microscopy_analysis_runs,ingestion_batch_id,1:N,false,RESTRICT,NO ACTION,false,false,
FK,microscopy_analysis_runs_requested_by_fkey,users,id,microscopy_analysis_runs,requested_by,1:N,false,RESTRICT,NO ACTION,false,false,
FK,microscopy_analysis_runs_sample_id_fkey,blood_samples,id,microscopy_analysis_runs,sample_id,1:N,false,RESTRICT,NO ACTION,false,false,
FK,microscopy_analysis_runs_slide_id_fkey,smear_slides,id,microscopy_analysis_runs,slide_id,1:N,false,RESTRICT,NO ACTION,false,false,
FK,microscopy_analysis_runs_subject_id_fkey,research_subjects,id,microscopy_analysis_runs,subject_id,1:N,false,RESTRICT,NO ACTION,false,false,
FK,microscopy_images_archived_by_fkey,users,id,microscopy_images,archived_by,1:N,true,RESTRICT,NO ACTION,false,false,
FK,microscopy_images_created_by_fkey,users,id,microscopy_images,created_by,1:N,false,RESTRICT,NO ACTION,false,false,
FK,microscopy_images_ingestion_batch_id_fkey,image_ingestion_batches,id,microscopy_images,ingestion_batch_id,1:N,true,RESTRICT,NO ACTION,false,false,
FK,microscopy_images_slide_id_fkey,smear_slides,id,microscopy_images,slide_id,1:N,false,RESTRICT,NO ACTION,false,false,
FK,microscopy_images_updated_by_fkey,users,id,microscopy_images,updated_by,1:N,true,RESTRICT,NO ACTION,false,false,
FK,fk_model_versions_checkpoint_artifact_owner,artifacts,"id,run_id",model_versions,"checkpoint_artifact_id,training_run_id",1:N,true,RESTRICT,NO ACTION,false,false,
FK,model_versions_model_id_fkey,models,id,model_versions,model_id,1:N,true,RESTRICT,NO ACTION,false,false,
FK,model_versions_training_run_id_fkey,runs,id,model_versions,training_run_id,1:N,true,RESTRICT,NO ACTION,false,false,
FK,fk_predictions_analysis_job,image_analysis_jobs,id,predictions,image_analysis_job_id,1:N,true,RESTRICT,NO ACTION,false,false,
FK,fk_predictions_classifier_model_version,model_versions,id,predictions,classifier_model_version_id,1:N,true,RESTRICT,NO ACTION,false,false,
FK,fk_predictions_crop_artifact,artifacts,id,predictions,crop_artifact_id,1:N,true,RESTRICT,NO ACTION,false,false,
FK,fk_predictions_deployed_model_version,deployed_model_versions,id,predictions,deployed_model_version_id,1:N,true,RESTRICT,NO ACTION,false,false,
FK,fk_predictions_detector_model_version,model_versions,id,predictions,detector_model_version_id,1:N,true,RESTRICT,NO ACTION,false,false,
FK,fk_predictions_explanation_artifact,artifacts,id,predictions,explanation_artifact_id,1:N,true,RESTRICT,NO ACTION,false,false,
FK,fk_predictions_inference_run,runs,id,predictions,inference_run_id,1:N,true,RESTRICT,NO ACTION,false,false,
FK,fk_predictions_job_provenance,image_analysis_jobs,"id,inference_run_id,deployed_model_version_id,model_version_id",predictions,"image_analysis_job_id,inference_run_id,deployed_model_version_id,model_version_id",1:N,true,RESTRICT,NO ACTION,false,false,
FK,fk_predictions_model_version,model_versions,id,predictions,model_version_id,1:N,true,RESTRICT,NO ACTION,false,false,
FK,fk_predictions_source_image,dataset_split_images,image_id,predictions,source_image_id,1:N,true,RESTRICT,NO ACTION,false,false,
FK,predictions_dataset_id_fkey,datasets,id,predictions,dataset_id,1:N,true,RESTRICT,NO ACTION,false,false,
FK,predictions_run_id_fkey,runs,id,predictions,run_id,1:N,true,RESTRICT,NO ACTION,false,false,
FK,fk_v2_prediction_evaluation_run,evaluations,"id,run_id",predictions,"evaluation_id,run_id",1:N,true,RESTRICT,NO ACTION,false,false,
FK,v2_predictions_foreign_a402d28a70f6,evaluations,id,predictions,evaluation_id,1:N,true,RESTRICT,NO ACTION,false,false,
FK,v2_predictions_foreign_e8d9af78807c,dataset_source_records,id,predictions,dataset_source_record_id,1:N,true,RESTRICT,NO ACTION,false,false,
FK,quality_assessment_queue_items_analysis_run_id_fkey,microscopy_analysis_runs,id,quality_assessment_queue_items,analysis_run_id,1:N,false,RESTRICT,NO ACTION,false,false,
FK,quality_assessment_queue_items_requested_by_fkey,users,id,quality_assessment_queue_items,requested_by,1:N,false,RESTRICT,NO ACTION,false,false,
FK,quality_gate_decisions_actor_user_id_fkey,users,id,quality_gate_decisions,actor_user_id,1:N,false,RESTRICT,NO ACTION,false,false,
FK,quality_gate_decisions_analysis_run_id_fkey,microscopy_analysis_runs,id,quality_gate_decisions,analysis_run_id,1:N,false,RESTRICT,NO ACTION,false,false,
FK,research_subjects_archived_by_fkey,users,id,research_subjects,archived_by,1:N,true,RESTRICT,NO ACTION,false,false,
FK,research_subjects_created_by_fkey,users,id,research_subjects,created_by,1:N,true,RESTRICT,NO ACTION,false,false,
FK,research_subjects_updated_by_fkey,users,id,research_subjects,updated_by,1:N,true,RESTRICT,NO ACTION,false,false,
FK,fk_run_checkpoint_policy_artifact_owner,artifacts,"id,run_id",run_checkpoint_policy,"checkpoint_artifact_id,run_id",1:N,true,RESTRICT,NO ACTION,false,false,
FK,fk_run_checkpoint_policy_model_version_owner,model_versions,"id,training_run_id",run_checkpoint_policy,"model_version_id,run_id",1:N,true,RESTRICT,NO ACTION,false,false,
FK,fk_run_checkpoint_policy_version_artifact,model_versions,"id,checkpoint_artifact_id",run_checkpoint_policy,"model_version_id,checkpoint_artifact_id",1:N,true,RESTRICT,NO ACTION,false,false,
FK,run_checkpoint_policy_run_id_fkey,runs,id,run_checkpoint_policy,run_id,1:N,false,RESTRICT,NO ACTION,false,false,
FK,run_clinical_metrics_model_id_fkey,models,id,run_clinical_metrics,model_id,1:N,true,RESTRICT,NO ACTION,false,false,
FK,run_clinical_metrics_run_id_fkey,runs,id,run_clinical_metrics,run_id,1:N,false,RESTRICT,NO ACTION,false,false,
FK,fk_metric_evaluation_run,evaluations,"id,run_id",run_clinical_metrics,"evaluation_id,run_id",1:1,false,RESTRICT,NO ACTION,false,false,
FK,v2_run_configurations_foreign_db5338c19de4,runs,id,run_configurations,run_id,1:1,false,RESTRICT,NO ACTION,false,false,
FK,run_dataset_images_image_id_fkey,dataset_split_images,image_id,run_dataset_images,image_id,1:N,false,RESTRICT,NO ACTION,false,false,
FK,run_dataset_images_run_id_fkey,runs,id,run_dataset_images,run_id,1:N,false,RESTRICT,NO ACTION,false,false,
FK,run_image_predictions_image_id_fkey,dataset_split_images,image_id,run_image_predictions,image_id,1:N,true,RESTRICT,NO ACTION,false,false,
FK,run_image_predictions_run_id_fkey,runs,id,run_image_predictions,run_id,1:N,false,RESTRICT,NO ACTION,false,false,
FK,run_io_records_dataset_materialization_id_fkey,dataset_materializations,id,run_io_records,dataset_materialization_id,1:N,true,RESTRICT,NO ACTION,false,false,
FK,run_io_records_dataset_version_id_fkey,dataset_versions,id,run_io_records,dataset_version_id,1:N,true,RESTRICT,NO ACTION,false,false,
FK,run_io_records_run_id_fkey,runs,id,run_io_records,run_id,1:N,false,RESTRICT,NO ACTION,false,false,
FK,fk_run_lineage_checkpoint_artifact_owner,artifacts,"id,run_id",run_lineage,"checkpoint_artifact_id,parent_run_id",1:N,true,RESTRICT,NO ACTION,false,false,
FK,fk_run_lineage_model_version_owner,model_versions,"id,training_run_id",run_lineage,"model_version_id,parent_run_id",1:N,true,RESTRICT,NO ACTION,false,false,
FK,fk_run_lineage_version_artifact,model_versions,"id,checkpoint_artifact_id",run_lineage,"model_version_id,checkpoint_artifact_id",1:N,true,RESTRICT,NO ACTION,false,false,
FK,run_lineage_child_run_id_fkey,runs,id,run_lineage,child_run_id,1:N,false,RESTRICT,NO ACTION,false,false,
FK,run_lineage_parent_run_id_fkey,runs,id,run_lineage,parent_run_id,1:N,false,RESTRICT,NO ACTION,false,false,
FK,run_metrics_run_id_fkey,runs,id,run_metrics,run_id,1:N,true,RESTRICT,NO ACTION,false,false,
FK,fk_run_model_deployments_deployment_version,deployed_model_versions,"id,model_version_id",run_model_deployments,"deployed_model_version_id,model_version_id",1:N,false,RESTRICT,NO ACTION,false,false,
FK,fk_run_model_deployments_run,runs,id,run_model_deployments,run_id,1:N,false,RESTRICT,NO ACTION,false,false,
FK,fk_run_threshold_calibration_artifact_owner,artifacts,"id,run_id",run_threshold_calibration,"calibration_artifact_id,run_id",1:N,true,RESTRICT,NO ACTION,false,false,
FK,fk_run_threshold_calibration_model_version,model_versions,id,run_threshold_calibration,model_version_id,1:N,true,RESTRICT,NO ACTION,false,false,
FK,run_threshold_calibration_run_id_fkey,runs,id,run_threshold_calibration,run_id,1:N,false,RESTRICT,NO ACTION,false,false,
FK,v2_run_threshold_calibration_foreign_014acc59cdbd,evaluations,id,run_threshold_calibration,default_evaluation_id,1:N,false,RESTRICT,NO ACTION,true,true,
FK,v2_run_threshold_calibration_foreign_0ba3287c0955,evaluations,id,run_threshold_calibration,selected_evaluation_id,1:N,false,RESTRICT,NO ACTION,true,true,
FK,runs_campaign_id_fkey,experimental_campaigns,id,runs,campaign_id,1:N,true,NO ACTION,NO ACTION,false,false,
FK,runs_dataset_id_fkey,datasets,id,runs,dataset_id,1:N,true,RESTRICT,NO ACTION,false,false,
FK,runs_dataset_version_id_fkey,dataset_versions,id,runs,dataset_version_id,1:N,true,RESTRICT,NO ACTION,false,false,
FK,runs_experiment_id_fkey,experiments,id,runs,experiment_id,1:N,true,RESTRICT,NO ACTION,false,false,
FK,runs_model_id_fkey,models,id,runs,model_id,1:N,true,RESTRICT,NO ACTION,false,false,
FK,scientific_cases_archived_by_fkey,users,id,scientific_cases,archived_by,1:N,true,RESTRICT,NO ACTION,false,false,
FK,scientific_cases_created_by_fkey,users,id,scientific_cases,created_by,1:N,false,RESTRICT,NO ACTION,false,false,
FK,scientific_cases_subject_id_fkey,research_subjects,id,scientific_cases,subject_id,1:N,true,RESTRICT,NO ACTION,false,false,
FK,scientific_cases_updated_by_fkey,users,id,scientific_cases,updated_by,1:N,true,RESTRICT,NO ACTION,false,false,
FK,scientific_reviews_actor_user_id_fkey,users,id,scientific_reviews,actor_user_id,1:N,false,RESTRICT,NO ACTION,false,false,
FK,scientific_reviews_entity_id_fkey,cell_detections,id,scientific_reviews,entity_id,1:N,false,RESTRICT,NO ACTION,false,false,
FK,scientific_validation_annotation_eve_validation_session_id_fkey,scientific_validation_sessions,id,scientific_validation_annotation_events,validation_session_id,1:N,true,RESTRICT,NO ACTION,false,false,
FK,scientific_validation_annotation_events_actor_user_id_fkey,users,id,scientific_validation_annotation_events,actor_user_id,1:N,false,RESTRICT,NO ACTION,false,false,
FK,scientific_validation_annotation_events_annotation_id_fkey,scientific_validation_annotations,id,scientific_validation_annotation_events,annotation_id,1:N,false,RESTRICT,NO ACTION,false,false,
FK,scientific_validation_annotations_analysis_run_id_fkey,microscopy_analysis_runs,id,scientific_validation_annotations,analysis_run_id,1:N,true,RESTRICT,NO ACTION,false,false,
FK,scientific_validation_annotations_cell_detection_id_fkey,cell_detections,id,scientific_validation_annotations,cell_detection_id,1:N,true,RESTRICT,NO ACTION,false,false,
FK,scientific_validation_annotations_created_by_fkey,users,id,scientific_validation_annotations,created_by,1:N,false,RESTRICT,NO ACTION,false,false,
FK,scientific_validation_annotations_sample_id_fkey,blood_samples,id,scientific_validation_annotations,sample_id,1:N,true,RESTRICT,NO ACTION,false,false,
FK,scientific_validation_annotations_updated_by_fkey,users,id,scientific_validation_annotations,updated_by,1:N,false,RESTRICT,NO ACTION,false,false,
FK,scientific_validation_annotations_validation_session_id_fkey,scientific_validation_sessions,id,scientific_validation_annotations,validation_session_id,1:N,true,RESTRICT,NO ACTION,false,false,
FK,scientific_validation_classification_classification_run_id_fkey,cell_classification_runs,id,scientific_validation_classification_runs,classification_run_id,1:N,false,RESTRICT,NO ACTION,false,false,
FK,scientific_validation_classification_runs_session_id_fkey,scientific_validation_sessions,id,scientific_validation_classification_runs,session_id,1:N,false,RESTRICT,NO ACTION,false,false,
FK,scientific_validation_detection_runs_detection_run_id_fkey,cell_detection_runs,id,scientific_validation_detection_runs,detection_run_id,1:N,false,RESTRICT,NO ACTION,false,false,
FK,scientific_validation_detection_runs_session_id_fkey,scientific_validation_sessions,id,scientific_validation_detection_runs,session_id,1:N,false,RESTRICT,NO ACTION,false,false,
FK,scientific_validation_images_microscopy_image_id_fkey,microscopy_images,id,scientific_validation_images,microscopy_image_id,1:N,false,RESTRICT,NO ACTION,false,false,
FK,scientific_validation_images_session_id_fkey,scientific_validation_sessions,id,scientific_validation_images,session_id,1:N,false,RESTRICT,NO ACTION,false,false,
FK,scientific_validation_sessions_archived_by_fkey,users,id,scientific_validation_sessions,archived_by,1:N,true,RESTRICT,NO ACTION,false,false,
FK,scientific_validation_sessions_created_by_fkey,users,id,scientific_validation_sessions,created_by,1:N,false,RESTRICT,NO ACTION,false,false,
FK,scientific_validation_sessions_updated_by_fkey,users,id,scientific_validation_sessions,updated_by,1:N,false,RESTRICT,NO ACTION,false,false,
FK,fk_smear_summary_classification_lineage,cell_classification_runs,"id,analysis_run_id,detection_run_id",smear_analysis_summaries,"classification_run_id,analysis_run_id,detection_run_id",1:1,false,RESTRICT,NO ACTION,false,false,
FK,smear_slides_archived_by_fkey,users,id,smear_slides,archived_by,1:N,true,RESTRICT,NO ACTION,false,false,
FK,smear_slides_created_by_fkey,users,id,smear_slides,created_by,1:N,false,RESTRICT,NO ACTION,false,false,
FK,smear_slides_sample_id_fkey,blood_samples,id,smear_slides,sample_id,1:N,false,RESTRICT,NO ACTION,false,false,
FK,smear_slides_updated_by_fkey,users,id,smear_slides,updated_by,1:N,true,RESTRICT,NO ACTION,false,false,
FK,stage2_model_publication_events_publication_id_fkey,stage2_model_publications,id,stage2_model_publication_events,publication_id,1:N,false,RESTRICT,NO ACTION,false,false,
FK,fk_stage2_publication_evaluation,runs,id,stage2_model_publications,evaluation_run_id,1:N,false,RESTRICT,NO ACTION,false,false,
FK,fk_stage2_publication_training,runs,id,stage2_model_publications,training_run_id,1:N,false,RESTRICT,NO ACTION,false,false,
FK,fk_stage2_publication_version_artifact,model_versions,"id,checkpoint_artifact_id",stage2_model_publications,"model_version_id,checkpoint_artifact_id",1:N,false,RESTRICT,NO ACTION,false,false,
FK,fk_stage2_publication_model_training,model_versions,"id,training_run_id",stage2_model_publications,"model_version_id,training_run_id",1:N,false,RESTRICT,NO ACTION,false,false,
FK,synthetic_data_runs_run_id_fkey,runs,id,synthetic_data_runs,run_id,1:N,true,RESTRICT,NO ACTION,false,false,
FK,synthetic_data_runs_source_dataset_id_fkey,datasets,id,synthetic_data_runs,source_dataset_id,1:N,true,RESTRICT,NO ACTION,false,false,
FK,train_execution_records_run_id_fkey,train_execution_sessions,run_id,train_execution_records,run_id,1:N,false,NO ACTION,NO ACTION,false,false,
FK,train_execution_revisions_attempt_id_fkey,campaign_attempts,id,train_execution_revisions,attempt_id,1:1,false,NO ACTION,NO ACTION,true,true,
FK,train_execution_revisions_campaign_id_fkey,experimental_campaigns,id,train_execution_revisions,campaign_id,1:N,false,NO ACTION,NO ACTION,false,false,
FK,train_execution_revisions_campaign_id_revision_id_fkey,campaign_technical_revisions,"campaign_id,id",train_execution_revisions,"campaign_id,revision_id",1:N,false,NO ACTION,NO ACTION,false,false,
FK,train_execution_sessions_attempt_id_fkey,campaign_attempts,id,train_execution_sessions,attempt_id,1:1,true,NO ACTION,NO ACTION,false,false,
FK,train_execution_sessions_run_id_fkey,runs,id,train_execution_sessions,run_id,1:1,false,NO ACTION,NO ACTION,false,false,
FK,training_history_run_id_fkey,runs,id,training_history,run_id,1:N,false,RESTRICT,NO ACTION,false,false,
FK,user_roles_role_id_fkey,roles,id,user_roles,role_id,1:N,false,RESTRICT,NO ACTION,false,false,
FK,user_roles_user_id_fkey,users,id,user_roles,user_id,1:N,false,CASCADE,NO ACTION,false,false,
FK,v2_xai_artifacts_foreign_4b080b42e888,xai_evidence,id,xai_artifacts,evidence_id,1:N,false,RESTRICT,NO ACTION,false,false,
FK,v2_xai_artifacts_foreign_e3d2eb574718,artifacts,id,xai_artifacts,artifact_id,1:N,true,RESTRICT,NO ACTION,false,false,
FK,v2_xai_artifacts_foreign_f9c5548be835,assessment_artifacts,artifact_id,xai_artifacts,assessment_artifact_id,1:N,true,RESTRICT,NO ACTION,false,false,
FK,fk_xai_member_evaluation,xai_quantitative_evaluations,id,xai_evaluation_members,evaluation_id,1:N,false,RESTRICT,NO ACTION,false,false,
FK,fk_xai_member_evidence,xai_evidence,id,xai_evaluation_members,xai_evidence_id,1:N,false,RESTRICT,NO ACTION,false,false,
FK,v2_xai_evidence_foreign_9851edbb8079,explainability_results,id,xai_evidence,ml_explanation_id,1:1,true,RESTRICT,NO ACTION,false,false,
FK,v2_xai_evidence_foreign_3fe88bd35854,cell_explanations,id,xai_evidence,cell_explanation_id,1:1,true,RESTRICT,NO ACTION,false,false,
FK,v2_xai_evidence_foreign_4b04405ab069,predictions,id,xai_evidence,prediction_id,1:N,true,RESTRICT,NO ACTION,false,false,
FK,v2_xai_evidence_foreign_029e07f1d6db,cell_predictions,id,xai_evidence,cell_prediction_id,1:N,true,RESTRICT,NO ACTION,false,false,
FK,v2_xai_evidence_foreign_a402d28a70f6,evaluations,id,xai_evidence,evaluation_id,1:N,true,RESTRICT,NO ACTION,false,false,
FK,v2_xai_evidence_foreign_e8d9af78807c,dataset_source_records,id,xai_evidence,dataset_source_record_id,1:N,true,RESTRICT,NO ACTION,false,false,
FK,v2_xai_evidence_foreign_a1c9b824423e,artifacts,id,xai_evidence,input_artifact_id,1:N,true,RESTRICT,NO ACTION,false,false,
FK,v2_xai_evidence_foreign_ad1ea3f78d92,microscopy_images,id,xai_evidence,microscopy_image_id,1:N,true,RESTRICT,NO ACTION,false,false,
FK,v2_xai_evidence_foreign_db5338c19de4,runs,id,xai_evidence,run_id,1:N,true,RESTRICT,NO ACTION,false,false,
FK,v2_xai_evidence_foreign_b946b2b207f3,model_versions,id,xai_evidence,model_version_id,1:N,true,RESTRICT,NO ACTION,false,false,
FK,v2_xai_evidence_foreign_6aec504c7a2f,artifacts,id,xai_evidence,checkpoint_artifact_id,1:N,false,RESTRICT,NO ACTION,false,false,
FK,v2_xai_evidence_foreign_52bd313b1c15,assessment_results,"attempt_id,sample_id",xai_evidence,"assessment_attempt_id,assessment_sample_id",1:1,true,RESTRICT,NO ACTION,false,false,
FK,fk_xai_method_configuration,xai_method_configurations,id,xai_evidence,method_configuration_id,1:N,false,RESTRICT,NO ACTION,false,false,
FK,v2_xai_interpretations_foreign_4b080b42e888,xai_evidence,id,xai_interpretations,evidence_id,1:N,false,RESTRICT,NO ACTION,false,false,
FK,v2_xai_interpretations_foreign_6b09f9926d4f,users,id,xai_interpretations,author_user_id,1:N,false,RESTRICT,NO ACTION,false,false,
FK,v2_xai_interpretations_foreign_af451d74af77,xai_interpretations,id,xai_interpretations,supersedes_id,1:N,true,RESTRICT,NO ACTION,false,false,
FK,fk_xai_metric_protocol,xai_evaluation_protocols,"id,metric_name",xai_quantitative_evaluations,"protocol_id,metric_name",1:N,false,RESTRICT,NO ACTION,false,false,
FK,fk_xai_reference_annotation,scientific_validation_annotations,id,xai_quantitative_evaluations,reference_annotation_id,1:N,true,RESTRICT,NO ACTION,false,false,
FK,fk_xai_region_evidence,xai_evidence,id,xai_region_attributions,xai_evidence_id,1:N,false,RESTRICT,NO ACTION,false,false,
FK,v2_xai_specialist_reviews_foreign_4735bf604cb2,xai_interpretations,id,xai_specialist_reviews,interpretation_id,1:N,false,RESTRICT,NO ACTION,false,false,
FK,v2_xai_specialist_reviews_foreign_7ca01df9e490,users,id,xai_specialist_reviews,reviewer_user_id,1:N,false,RESTRICT,NO ACTION,false,false,
N:M,via_user_roles,users,,roles,,N:M,,ver FK,ver FK,,,user_roles
N:M,via_dataset_version_sources,dataset_versions,,datasets,,N:M,,ver FK,ver FK,,,dataset_version_sources
N:M,via_dataset_split_assignments,dataset_versions,,dataset_source_records,,N:M,,ver FK,ver FK,,,dataset_split_assignments
N:M,via_evaluation_ensemble_members,evaluations,,model_versions,,N:M,,ver FK,ver FK,,,evaluation_ensemble_members
N:M,via_xai_evaluation_members,xai_quantitative_evaluations,,xai_evidence,,N:M,,ver FK,ver FK,,,xai_evaluation_members
N:M,via_run_dataset_images,runs,,dataset_split_images,,N:M,,ver FK,ver FK,,,run_dataset_images
N:M,via_run_model_deployments,runs,,deployed_model_versions,,N:M,,ver FK,ver FK,,,run_model_deployments
N:M,via_scientific_validation_images,scientific_validation_sessions,,microscopy_images,,N:M,,ver FK,ver FK,,,scientific_validation_images
N:M,via_scientific_validation_detection_runs,scientific_validation_sessions,,cell_detection_runs,,N:M,,ver FK,ver FK,,,scientific_validation_detection_runs
N:M,via_scientific_validation_classification_runs,scientific_validation_sessions,,cell_classification_runs,,N:M,,ver FK,ver FK,,,scientific_validation_classification_runs
N:M,via_assessment_campaign_consumers,experimental_campaigns,,assessment_identities,,N:M,,ver FK,ver FK,,,assessment_campaign_consumers
