source_family,source_patient_id,canonical_patient_id,cell_identity_exists,set,status,existing_cell_split,images,WBC,parasitized,uninfected
smear_segmentation,142C38P3thinF_original,C38P3thinF_original,True,Polygon,MATCHED_BY_NLM_NAMING_CONVENTION,TRAIN,5,0,5,999
smear_segmentation,146C47P8thin_Original_Motic,C47P8thin_Original_Motic,True,Polygon,MATCHED_BY_NLM_NAMING_CONVENTION,TRAIN,5,1,9,939
smear_segmentation,150C49P10thinF,C49P10thinF,True,Polygon,MATCHED_BY_NLM_NAMING_CONVENTION,TEST,5,0,43,1108
smear_segmentation,153C52P13thinF,C52P13thinF,True,Polygon,MATCHED_BY_NLM_NAMING_CONVENTION,VAL,5,0,30,886
smear_segmentation,156C55P16thinF,C55P16thinF,True,Polygon,MATCHED_BY_NLM_NAMING_CONVENTION,TRAIN,5,1,3,893
smear_segmentation,158C57P18thinF,C57P18thinF,True,Polygon,MATCHED_BY_NLM_NAMING_CONVENTION,VAL,5,2,5,1140
smear_segmentation,208C67P28N_ThinF,C67P28N_ThinF,True,Polygon,MATCHED_BY_NLM_NAMING_CONVENTION,TRAIN,5,0,42,1153
smear_segmentation,209C68P29N_ThinF,C68P29N_ThinF,True,Polygon,MATCHED_BY_NLM_NAMING_CONVENTION,TRAIN,5,3,349,643
smear_segmentation,211C70P31_ThinF,C70P31_ThinF,True,Polygon,MATCHED_BY_NLM_NAMING_CONVENTION,TRAIN,5,4,69,431
smear_segmentation,212C71P32_ThinF,C71P32_ThinF,True,Polygon,MATCHED_BY_NLM_NAMING_CONVENTION,TRAIN,5,0,10,1159
smear_segmentation,221C79P40ThinF,C79P40ThinF,True,Polygon,MATCHED_BY_NLM_NAMING_CONVENTION,TRAIN,5,0,4,767
smear_segmentation,228C86P47ThinF,C86P47ThinF,True,Polygon,MATCHED_BY_NLM_NAMING_CONVENTION,TRAIN,5,0,4,1236
smear_segmentation,231C89P50ThinF,C89P50ThinF,True,Polygon,MATCHED_BY_NLM_NAMING_CONVENTION,TRAIN,5,2,58,1023
smear_segmentation,236C94P55ThinF,C94P55ThinF,True,Polygon,MATCHED_BY_NLM_NAMING_CONVENTION,TRAIN,5,1,10,1252
smear_segmentation,244C7NthinF,C7NthinF,True,Polygon,MATCHED_BY_NLM_NAMING_CONVENTION,TRAIN,5,3,0,1029
smear_segmentation,247C99P60ThinF,C99P60ThinF,True,Polygon,MATCHED_BY_NLM_NAMING_CONVENTION,TRAIN,5,2,313,534
smear_segmentation,263C115P76ThinF,C115P76ThinF,True,Polygon,MATCHED_BY_NLM_NAMING_CONVENTION,TRAIN,5,2,13,1191
smear_segmentation,270C122P83ThinF,C122P83ThinF,True,Polygon,MATCHED_BY_NLM_NAMING_CONVENTION,TRAIN,5,0,3,795
smear_segmentation,274C126P87ThinF,C126P87ThinF,True,Polygon,MATCHED_BY_NLM_NAMING_CONVENTION,TRAIN,5,1,22,678
smear_segmentation,276C128P89ThinF,C128P89ThinF,True,Polygon,MATCHED_BY_NLM_NAMING_CONVENTION,TRAIN,5,1,86,753
smear_segmentation,282C134P95ThinF,C134P95ThinF,True,Polygon,MATCHED_BY_NLM_NAMING_CONVENTION,TRAIN,5,4,10,613
smear_segmentation,302C210ThinF,C210ThinF,True,Polygon,MATCHED_BY_NLM_NAMING_CONVENTION,TRAIN,5,4,0,1307
smear_segmentation,305C212ThinF,C212ThinF,True,Polygon,MATCHED_BY_NLM_NAMING_CONVENTION,TRAIN,5,2,0,1412
smear_segmentation,306C213ThinF,C213ThinF,True,Polygon,MATCHED_BY_NLM_NAMING_CONVENTION,TRAIN,5,2,0,1303
smear_segmentation,309C216ThinF,C216ThinF,True,Polygon,MATCHED_BY_NLM_NAMING_CONVENTION,TRAIN,5,2,0,1257
smear_segmentation,318C226ThinF,C226ThinF,True,Polygon,MATCHED_BY_NLM_NAMING_CONVENTION,TRAIN,5,1,0,1343
smear_segmentation,323C231ThinF,C231ThinF,True,Polygon,MATCHED_BY_NLM_NAMING_CONVENTION,TRAIN,5,4,0,1081
smear_segmentation,327C235ThinF,C235ThinF,True,Polygon,MATCHED_BY_NLM_NAMING_CONVENTION,TEST,5,1,0,1519
smear_segmentation,343C160P121ThinF,C160P121ThinF,True,Polygon,MATCHED_BY_NLM_NAMING_CONVENTION,TRAIN,5,0,3,753
smear_segmentation,354C169P130ThinF,C169P130ThinF,True,Polygon,MATCHED_BY_NLM_NAMING_CONVENTION,TEST,5,1,7,1182
smear_segmentation,362C177P138NThinF,C177P138NThinF,True,Polygon,MATCHED_BY_NLM_NAMING_CONVENTION,TRAIN,5,5,30,969
smear_segmentation,372C187P148NThinF,C187P148NThinF,True,Polygon,MATCHED_BY_NLM_NAMING_CONVENTION,TRAIN,5,0,14,780
smear_segmentation,377C238NThinF,C238NThinF,True,Polygon,MATCHED_BY_NLM_NAMING_CONVENTION,TRAIN,5,2,0,943
smear_segmentation,143C39P4thinF_original,C39P4thinF_original,True,Point,MATCHED_BY_NLM_NAMING_CONVENTION,VAL,5,6,190,569
smear_segmentation,144C3thin_original,C3thin_original,True,Point,MATCHED_BY_NLM_NAMING_CONVENTION,TRAIN,5,3,0,1309
smear_segmentation,145C42P5thin_original,C42P5thin_original,True,Point,MATCHED_BY_NLM_NAMING_CONVENTION,TRAIN,5,0,9,1105
smear_segmentation,147C4thin_original,C4thin_original,True,Point,MATCHED_BY_NLM_NAMING_CONVENTION,TRAIN,5,1,0,1206
smear_segmentation,148C47P8thinOriginalOlympusCX21,C47P8thinOriginalOlympusCX21,True,Point,MATCHED_BY_NLM_NAMING_CONVENTION,TRAIN,5,1,3,826
smear_segmentation,149C48P9thinF,C48P9thinF,True,Point,MATCHED_BY_NLM_NAMING_CONVENTION,TRAIN,5,0,193,964
smear_segmentation,151C50P11thinF,C50P11thinF,True,Point,MATCHED_BY_NLM_NAMING_CONVENTION,TEST,5,1,29,896
smear_segmentation,152C51AP12thinF,C51AP12thinF,True,Point,MATCHED_BY_NLM_NAMING_CONVENTION,VAL,5,1,99,568
smear_segmentation,154C53P14thinF,C53P14thinF,True,Point,MATCHED_BY_NLM_NAMING_CONVENTION,TRAIN,5,1,4,928
smear_segmentation,155C54P15thinF,C54P15thinF,True,Point,MATCHED_BY_NLM_NAMING_CONVENTION,TRAIN,5,0,6,1195
smear_segmentation,157C56P17thinF,C56P17thinF,True,Point,MATCHED_BY_NLM_NAMING_CONVENTION,TEST,5,0,11,622
smear_segmentation,159C58P19thinF,C58P19thinF,True,Point,MATCHED_BY_NLM_NAMING_CONVENTION,TRAIN,5,1,1,868
smear_segmentation,200C59P20thinF,C59P20thinF,True,Point,MATCHED_BY_NLM_NAMING_CONVENTION,TRAIN,5,1,252,778
smear_segmentation,201C60P21thinF,C60P21thinF,True,Point,MATCHED_BY_NLM_NAMING_CONVENTION,TRAIN,5,1,106,822
smear_segmentation,202C61P22N_ThinF,C61P22N_ThinF,True,Point,MATCHED_BY_NLM_NAMING_CONVENTION,TRAIN,5,3,3,1083
smear_segmentation,203C62P23N_ThinF,C62P23N_ThinF,True,Point,MATCHED_BY_NLM_NAMING_CONVENTION,TRAIN,5,0,31,991
smear_segmentation,204C63P24N_ThinF,C63P24N_ThinF,True,Point,MATCHED_BY_NLM_NAMING_CONVENTION,TRAIN,5,0,46,996
smear_segmentation,205C64P25N_ThinF,C64P25N_ThinF,True,Point,MATCHED_BY_NLM_NAMING_CONVENTION,TRAIN,5,0,9,1028
smear_segmentation,206C65P26N_ThinF,C65P26N_ThinF,True,Point,MATCHED_BY_NLM_NAMING_CONVENTION,VAL,5,0,16,945
smear_segmentation,207C66P27N_ThinF,C66P27N_ThinF,True,Point,MATCHED_BY_NLM_NAMING_CONVENTION,TRAIN,5,0,78,823
smear_segmentation,210C69P30N_ThinF,C69P30N_ThinF,True,Point,MATCHED_BY_NLM_NAMING_CONVENTION,TRAIN,5,1,9,1241
smear_segmentation,213C72P33_ThinF,C72P33_ThinF,True,Point,MATCHED_BY_NLM_NAMING_CONVENTION,TRAIN,5,2,5,1086
smear_segmentation,214C73P34_ThinF,C73P34_ThinF,True,Point,MATCHED_BY_NLM_NAMING_CONVENTION,TRAIN,5,0,2,926
smear_segmentation,215C74P35_ThinF,C74P35_ThinF,True,Point,MATCHED_BY_NLM_NAMING_CONVENTION,TRAIN,5,1,27,725
smear_segmentation,216C75P36_ThinF,C75P36_ThinF,True,Point,MATCHED_BY_NLM_NAMING_CONVENTION,TRAIN,5,1,6,837
smear_segmentation,218C76P37ThinF,C76P37ThinF,True,Point,MATCHED_BY_NLM_NAMING_CONVENTION,TRAIN,5,0,59,1088
smear_segmentation,219C77P38ThinF,C77P38ThinF,True,Point,MATCHED_BY_NLM_NAMING_CONVENTION,TRAIN,5,1,15,671
smear_segmentation,220C78P39ThinF,C78P39ThinF,True,Point,MATCHED_BY_NLM_NAMING_CONVENTION,TRAIN,5,4,39,883
smear_segmentation,222C80P41ThinF,C80P41ThinF,True,Point,MATCHED_BY_NLM_NAMING_CONVENTION,TEST,5,5,130,756
smear_segmentation,223C81P42ThinF,C81P42ThinF,True,Point,MATCHED_BY_NLM_NAMING_CONVENTION,TRAIN,5,4,56,957
smear_segmentation,224C82P43ThinF,C82P43ThinF,True,Point,MATCHED_BY_NLM_NAMING_CONVENTION,TRAIN,5,1,163,964
smear_segmentation,225C83P44ThinF,C83P44ThinF,True,Point,MATCHED_BY_NLM_NAMING_CONVENTION,TRAIN,5,1,3,955
smear_segmentation,226C84P45ThinF,C84P45ThinF,True,Point,MATCHED_BY_NLM_NAMING_CONVENTION,TRAIN,5,0,99,495
smear_segmentation,227C85P46ThinF,C85P46ThinF,True,Point,MATCHED_BY_NLM_NAMING_CONVENTION,TRAIN,5,0,20,1286
smear_segmentation,229C87P48ThinF,C87P48ThinF,True,Point,MATCHED_BY_NLM_NAMING_CONVENTION,TEST,5,0,19,1005
smear_segmentation,230C88P49ThinF,C88P49ThinF,True,Point,MATCHED_BY_NLM_NAMING_CONVENTION,TRAIN,5,0,9,1099
smear_segmentation,232C90P51ThinF,C90P51ThinF,True,Point,MATCHED_BY_NLM_NAMING_CONVENTION,TRAIN,5,3,9,1241
smear_segmentation,233C91P52ThinF,C91P52ThinF,True,Point,MATCHED_BY_NLM_NAMING_CONVENTION,TRAIN,5,0,165,1042
smear_segmentation,234C92P53ThinF,C92P53ThinF,True,Point,MATCHED_BY_NLM_NAMING_CONVENTION,TRAIN,5,1,27,1162
smear_segmentation,235C93P54ThinF,C93P54ThinF,True,Point,MATCHED_BY_NLM_NAMING_CONVENTION,TRAIN,5,1,69,1071
smear_segmentation,237C95P56ThinF,C95P56ThinF,True,Point,MATCHED_BY_NLM_NAMING_CONVENTION,TRAIN,5,0,18,583
smear_segmentation,238C96P57ThinF,C96P57ThinF,True,Point,MATCHED_BY_NLM_NAMING_CONVENTION,TRAIN,5,0,16,1105
smear_segmentation,239C12NThinF,C12NThinF,True,Point,MATCHED_BY_NLM_NAMING_CONVENTION,TRAIN,5,5,0,1405
smear_segmentation,240C13NThinF,C13NThinF,True,Point,MATCHED_BY_NLM_NAMING_CONVENTION,TRAIN,5,4,0,1248
smear_segmentation,241C2NThinF,C2NThinF,True,Point,MATCHED_BY_NLM_NAMING_CONVENTION,TRAIN,5,2,0,1332
smear_segmentation,242C5NThinF,C5NThinF,True,Point,MATCHED_BY_NLM_NAMING_CONVENTION,TRAIN,5,0,0,1206
smear_segmentation,243C6NThinF,C6NThinF,True,Point,MATCHED_BY_NLM_NAMING_CONVENTION,TRAIN,5,1,0,1192
smear_segmentation,245C97P58ThinF,C97P58ThinF,True,Point,MATCHED_BY_NLM_NAMING_CONVENTION,TRAIN,5,0,117,785
smear_segmentation,246C98P59ThinF,C98P59ThinF,True,Point,MATCHED_BY_NLM_NAMING_CONVENTION,TEST,5,1,24,917
smear_segmentation,248C100P61ThinF,C100P61ThinF,True,Point,MATCHED_BY_NLM_NAMING_CONVENTION,TRAIN,5,0,40,849
smear_segmentation,249C101P62ThinF,C101P62ThinF,True,Point,MATCHED_BY_NLM_NAMING_CONVENTION,TRAIN,5,6,135,367
smear_segmentation,250C102P63ThinF,C102P63ThinF,True,Point,MATCHED_BY_NLM_NAMING_CONVENTION,TRAIN,5,2,21,825
smear_segmentation,251C103P64ThinF,C103P64ThinF,True,Point,MATCHED_BY_NLM_NAMING_CONVENTION,TRAIN,5,1,26,927
smear_segmentation,252C104P65ThinF,C104P65ThinF,True,Point,MATCHED_BY_NLM_NAMING_CONVENTION,TRAIN,5,1,6,1003
smear_segmentation,253C105P66ThinF,C105P66ThinF,True,Point,MATCHED_BY_NLM_NAMING_CONVENTION,TEST,5,0,10,771
smear_segmentation,254C106P67ThinF,C106P67ThinF,True,Point,MATCHED_BY_NLM_NAMING_CONVENTION,VAL,5,3,7,825
smear_segmentation,255C107P68ThinF,C107P68ThinF,True,Point,MATCHED_BY_NLM_NAMING_CONVENTION,TRAIN,5,3,62,824
smear_segmentation,256C108P69ThinF,C108P69ThinF,True,Point,MATCHED_BY_NLM_NAMING_CONVENTION,TRAIN,5,2,17,1098
smear_segmentation,257C109P70ThinF,C109P70ThinF,True,Point,MATCHED_BY_NLM_NAMING_CONVENTION,TRAIN,5,1,12,910
smear_segmentation,258C110P71ThinF,C110P71ThinF,True,Point,MATCHED_BY_NLM_NAMING_CONVENTION,TRAIN,5,1,20,1066
smear_segmentation,259C111P72ThinF,C111P72ThinF,True,Point,MATCHED_BY_NLM_NAMING_CONVENTION,TRAIN,5,0,16,886
smear_segmentation,260C112P73ThinF,C112P73ThinF,True,Point,MATCHED_BY_NLM_NAMING_CONVENTION,VAL,5,1,11,900
smear_segmentation,261C113P74ThinF,C113P74ThinF,True,Point,MATCHED_BY_NLM_NAMING_CONVENTION,VAL,5,0,41,860
smear_segmentation,262C114P75ThinF,C114P75ThinF,True,Point,MATCHED_BY_NLM_NAMING_CONVENTION,TRAIN,5,0,9,819
smear_segmentation,264C116P77ThinF,C116P77ThinF,True,Point,MATCHED_BY_NLM_NAMING_CONVENTION,TRAIN,5,2,251,401
smear_segmentation,265C117P78ThinF,C117P78ThinF,True,Point,MATCHED_BY_NLM_NAMING_CONVENTION,TRAIN,5,0,38,497
smear_segmentation,266C118P79ThinF,C118P79ThinF,True,Point,MATCHED_BY_NLM_NAMING_CONVENTION,TRAIN,5,1,124,705
smear_segmentation,267C119P80ThinF,C119P80ThinF,True,Point,MATCHED_BY_NLM_NAMING_CONVENTION,TRAIN,5,2,78,757
smear_segmentation,268C120P81ThinF,C120P81ThinF,True,Point,MATCHED_BY_NLM_NAMING_CONVENTION,TRAIN,5,0,88,965
smear_segmentation,269C121P82ThinF,C121P82ThinF,True,Point,MATCHED_BY_NLM_NAMING_CONVENTION,TRAIN,5,2,0,404
smear_segmentation,271C123P84ThinF,C123P84ThinF,True,Point,MATCHED_BY_NLM_NAMING_CONVENTION,TRAIN,5,1,56,929
smear_segmentation,272C124P85ThinF,C124P85ThinF,True,Point,MATCHED_BY_NLM_NAMING_CONVENTION,TRAIN,5,0,36,839
smear_segmentation,273C125P86ThinF,C125P86ThinF,True,Point,MATCHED_BY_NLM_NAMING_CONVENTION,TRAIN,5,0,11,790
smear_segmentation,275C127P88ThinF,C127P88ThinF,True,Point,MATCHED_BY_NLM_NAMING_CONVENTION,TRAIN,5,1,8,645
smear_segmentation,277C129P90ThinF,C129P90ThinF,True,Point,MATCHED_BY_NLM_NAMING_CONVENTION,TRAIN,5,1,139,459
smear_segmentation,278C130P91ThinF,C130P91ThinF,True,Point,MATCHED_BY_NLM_NAMING_CONVENTION,TRAIN,5,1,71,704
smear_segmentation,279C131P92ThinF,C131P92ThinF,True,Point,MATCHED_BY_NLM_NAMING_CONVENTION,VAL,5,9,47,754
smear_segmentation,280C132P93ThinF,C132P93ThinF,True,Point,MATCHED_BY_NLM_NAMING_CONVENTION,TRAIN,5,1,269,619
smear_segmentation,281C133P94ThinF,C133P94ThinF,True,Point,MATCHED_BY_NLM_NAMING_CONVENTION,TRAIN,5,0,116,539
smear_segmentation,283C135P96ThinF,C135P96ThinF,True,Point,MATCHED_BY_NLM_NAMING_CONVENTION,TRAIN,5,2,10,824
smear_segmentation,284C136P97ThinF,C136P97ThinF,True,Point,MATCHED_BY_NLM_NAMING_CONVENTION,TRAIN,5,1,137,485
smear_segmentation,285C137P98ThinF,C137P98ThinF,True,Point,MATCHED_BY_NLM_NAMING_CONVENTION,TRAIN,5,3,79,354
smear_segmentation,286C138P99ThinF,C138P99ThinF,True,Point,MATCHED_BY_NLM_NAMING_CONVENTION,TRAIN,5,3,3,884
smear_segmentation,287C139P100ThinF,C139P100ThinF,True,Point,MATCHED_BY_NLM_NAMING_CONVENTION,TEST,5,2,12,838
smear_segmentation,288C140P101ThinF,C140P101ThinF,True,Point,MATCHED_BY_NLM_NAMING_CONVENTION,TEST,5,1,71,869
smear_segmentation,289C141P102ThinF,C141P102ThinF,True,Point,MATCHED_BY_NLM_NAMING_CONVENTION,TRAIN,5,0,13,624
smear_segmentation,290C142P103ThinF,C142P103ThinF,True,Point,MATCHED_BY_NLM_NAMING_CONVENTION,TRAIN,5,0,10,952
smear_segmentation,291C143P104ThinF,C143P104ThinF,True,Point,MATCHED_BY_NLM_NAMING_CONVENTION,TRAIN,5,0,13,935
smear_segmentation,292C144P105ThinF,C144P105ThinF,True,Point,MATCHED_BY_NLM_NAMING_CONVENTION,TEST,5,1,67,1473
smear_segmentation,293C145P106ThinF,C145P106ThinF,True,Point,MATCHED_BY_NLM_NAMING_CONVENTION,TEST,5,2,23,726
smear_segmentation,294C201ThinF,C201ThinF,True,Point,MATCHED_BY_NLM_NAMING_CONVENTION,TRAIN,5,1,0,1201
smear_segmentation,295C202ThinF,C202ThinF,True,Point,MATCHED_BY_NLM_NAMING_CONVENTION,TRAIN,5,0,0,1285
smear_segmentation,300C208ThinF,C208ThinF,True,Point,MATCHED_BY_NLM_NAMING_CONVENTION,TEST,5,2,0,1023
smear_segmentation,303C205ThinF,C205ThinF,True,Point,MATCHED_BY_NLM_NAMING_CONVENTION,TRAIN,5,3,0,1298
smear_segmentation,304C211ThinF,C211ThinF,True,Point,MATCHED_BY_NLM_NAMING_CONVENTION,TRAIN,5,2,0,1312
smear_segmentation,307C214ThinF,C214ThinF,True,Point,MATCHED_BY_NLM_NAMING_CONVENTION,TRAIN,5,3,0,1161
smear_segmentation,308C215ThinF,C215ThinF,True,Point,MATCHED_BY_NLM_NAMING_CONVENTION,TRAIN,5,4,0,1223
smear_segmentation,310C217ThinF,C217ThinF,True,Point,MATCHED_BY_NLM_NAMING_CONVENTION,TRAIN,5,0,0,1354
smear_segmentation,311C218ThinF,C218ThinF,True,Point,MATCHED_BY_NLM_NAMING_CONVENTION,TRAIN,5,1,0,1169
smear_segmentation,312C219ThinF,C219ThinF,True,Point,MATCHED_BY_NLM_NAMING_CONVENTION,TRAIN,5,3,0,1167
smear_segmentation,313C220ThinF,C220ThinF,True,Point,MATCHED_BY_NLM_NAMING_CONVENTION,VAL,5,1,0,1217
smear_segmentation,314C221ThinF,C221ThinF,True,Point,MATCHED_BY_NLM_NAMING_CONVENTION,TEST,5,1,0,1056
smear_segmentation,315C223ThinF,C223ThinF,True,Point,MATCHED_BY_NLM_NAMING_CONVENTION,TRAIN,5,1,0,1270
smear_segmentation,316C224ThinF,C224ThinF,True,Point,MATCHED_BY_NLM_NAMING_CONVENTION,TRAIN,5,1,0,1262
smear_segmentation,317C225ThinF,C225ThinF,True,Point,MATCHED_BY_NLM_NAMING_CONVENTION,TRAIN,5,1,0,1453
smear_segmentation,319C227ThinF,C227ThinF,True,Point,MATCHED_BY_NLM_NAMING_CONVENTION,TRAIN,5,3,0,1318
smear_segmentation,320C228ThinF,C228ThinF,True,Point,MATCHED_BY_NLM_NAMING_CONVENTION,VAL,5,0,0,1345
smear_segmentation,321C229ThinF,C229ThinF,True,Point,MATCHED_BY_NLM_NAMING_CONVENTION,VAL,5,2,0,1379
smear_segmentation,322C230ThinF,C230ThinF,True,Point,MATCHED_BY_NLM_NAMING_CONVENTION,TRAIN,5,1,0,1289
smear_segmentation,324C232ThinF,C232ThinF,True,Point,MATCHED_BY_NLM_NAMING_CONVENTION,TRAIN,5,0,0,1404
smear_segmentation,325C233ThinF,C233ThinF,True,Point,MATCHED_BY_NLM_NAMING_CONVENTION,TRAIN,5,4,0,1392
smear_segmentation,326C234ThinF,C234ThinF,True,Point,MATCHED_BY_NLM_NAMING_CONVENTION,TRAIN,5,2,0,1409
smear_segmentation,328C222ThinF,C222ThinF,True,Point,MATCHED_BY_NLM_NAMING_CONVENTION,TRAIN,5,0,0,1033
smear_segmentation,329C146P107ThinF,C146P107ThinF,True,Point,MATCHED_BY_NLM_NAMING_CONVENTION,TRAIN,5,2,37,1154
smear_segmentation,330C147P108ThinF,C147P108ThinF,True,Point,MATCHED_BY_NLM_NAMING_CONVENTION,TRAIN,5,3,10,970
smear_segmentation,331C148P109ThinF,C148P109ThinF,True,Point,MATCHED_BY_NLM_NAMING_CONVENTION,TRAIN,5,0,26,1167
smear_segmentation,332C149P110ThinF,C149P110ThinF,True,Point,MATCHED_BY_NLM_NAMING_CONVENTION,TRAIN,5,3,54,1358
smear_segmentation,333C150P111ThinF,C150P111ThinF,True,Point,MATCHED_BY_NLM_NAMING_CONVENTION,TRAIN,5,1,1,1086
smear_segmentation,334C151P112ThinF,C151P112ThinF,True,Point,MATCHED_BY_NLM_NAMING_CONVENTION,VAL,5,1,6,1210
smear_segmentation,335C152P113ThinF,C152P113ThinF,True,Point,MATCHED_BY_NLM_NAMING_CONVENTION,TRAIN,5,2,8,845
smear_segmentation,336C153P114ThinF,C153P114ThinF,True,Point,MATCHED_BY_NLM_NAMING_CONVENTION,TRAIN,5,2,7,1378
smear_segmentation,337C154P115ThinF,C154P115ThinF,True,Point,MATCHED_BY_NLM_NAMING_CONVENTION,TRAIN,5,0,22,1070
smear_segmentation,338C155P116ThinF,C155P116ThinF,True,Point,MATCHED_BY_NLM_NAMING_CONVENTION,TRAIN,5,1,2,938
smear_segmentation,339C156P117ThinF,C156P117ThinF,True,Point,MATCHED_BY_NLM_NAMING_CONVENTION,TRAIN,5,0,31,1358
smear_segmentation,340C157P118ThinF,C157P118ThinF,True,Point,MATCHED_BY_NLM_NAMING_CONVENTION,TRAIN,5,2,29,987
smear_segmentation,341C158P119ThinF,C158P119ThinF,True,Point,MATCHED_BY_NLM_NAMING_CONVENTION,TRAIN,5,0,42,952
smear_segmentation,342C159P120ThinF,C159P120ThinF,True,Point,MATCHED_BY_NLM_NAMING_CONVENTION,TRAIN,5,2,64,1035
smear_segmentation,344C161P122ThinF,C161P122ThinF,True,Point,MATCHED_BY_NLM_NAMING_CONVENTION,TEST,5,3,2,553
smear_segmentation,345C162P123ThinF,C162P123ThinF,True,Point,MATCHED_BY_NLM_NAMING_CONVENTION,TRAIN,5,0,13,798
smear_segmentation,346C163P124ThinF,C163P124ThinF,True,Point,MATCHED_BY_NLM_NAMING_CONVENTION,VAL,5,0,11,1302
smear_segmentation,347C164P125ThinF,C164P125ThinF,True,Point,MATCHED_BY_NLM_NAMING_CONVENTION,TRAIN,5,0,17,746
smear_segmentation,348C165P126ThinF,C165P126ThinF,True,Point,MATCHED_BY_NLM_NAMING_CONVENTION,TRAIN,5,0,2,1069
smear_segmentation,349C45P6ThinF,C45P6ThinF,True,Point,MATCHED_BY_NLM_NAMING_CONVENTION,VAL,5,1,84,930
smear_segmentation,350C46P7ThinF,C46P7ThinF,True,Point,MATCHED_BY_NLM_NAMING_CONVENTION,TRAIN,5,1,68,650
smear_segmentation,351C166P127ThinF,C166P127ThinF,True,Point,MATCHED_BY_NLM_NAMING_CONVENTION,TRAIN,5,1,27,1063
smear_segmentation,352C167P128ReThinF,C167P128ReThinF,True,Point,MATCHED_BY_NLM_NAMING_CONVENTION,VAL,5,1,93,1152
smear_segmentation,353C168P129ThinF,C168P129ThinF,True,Point,MATCHED_BY_NLM_NAMING_CONVENTION,VAL,5,1,36,863
smear_segmentation,355C170P131ThinF,C170P131ThinF,True,Point,MATCHED_BY_NLM_NAMING_CONVENTION,TRAIN,5,1,28,1155
smear_segmentation,356C171P132ThinF,C171P132ThinF,True,Point,MATCHED_BY_NLM_NAMING_CONVENTION,TRAIN,5,4,11,1144
smear_segmentation,357C172P133ThinF,C172P133ThinF,True,Point,MATCHED_BY_NLM_NAMING_CONVENTION,TRAIN,5,3,74,1298
smear_segmentation,358C173P134NThinF,C173P134NThinF,True,Point,MATCHED_BY_NLM_NAMING_CONVENTION,TRAIN,5,2,21,1259
smear_segmentation,359C174P135NThinF,C174P135NThinF,True,Point,MATCHED_BY_NLM_NAMING_CONVENTION,VAL,5,0,89,969
smear_segmentation,360C175P136NThinF,C175P136NThinF,True,Point,MATCHED_BY_NLM_NAMING_CONVENTION,TRAIN,5,0,124,1094
smear_segmentation,361C176P137NThinF,C176P137NThinF,True,Point,MATCHED_BY_NLM_NAMING_CONVENTION,TRAIN,5,7,113,607
smear_segmentation,363C178P139NThinF,C178P139NThinF,True,Point,MATCHED_BY_NLM_NAMING_CONVENTION,TRAIN,5,4,10,657
smear_segmentation,364C179P140ThinF,C179P140ThinF,True,Point,MATCHED_BY_NLM_NAMING_CONVENTION,TRAIN,5,1,92,832
smear_segmentation,365C180P141NThinF,C180P141NThinF,True,Point,MATCHED_BY_NLM_NAMING_CONVENTION,TRAIN,5,2,202,770
smear_segmentation,366C181P142ThinF,C181P142ThinF,True,Point,MATCHED_BY_NLM_NAMING_CONVENTION,TRAIN,5,2,134,839
smear_segmentation,367C182P143NThinF,C182P143NThinF,True,Point,MATCHED_BY_NLM_NAMING_CONVENTION,TRAIN,5,1,285,704
smear_segmentation,368C183P144NThinF,C183P144NThinF,True,Point,MATCHED_BY_NLM_NAMING_CONVENTION,TEST,5,1,83,652
smear_segmentation,369C184P145ThinF,C184P145ThinF,True,Point,MATCHED_BY_NLM_NAMING_CONVENTION,TEST,5,0,221,683
smear_segmentation,370C185P146ThinF,C185P146ThinF,True,Point,MATCHED_BY_NLM_NAMING_CONVENTION,TRAIN,5,1,13,1220
smear_segmentation,371C186P147NThinF,C186P147NThinF,True,Point,MATCHED_BY_NLM_NAMING_CONVENTION,TRAIN,5,0,100,849
smear_segmentation,373C188P149ThinF,C188P149ThinF,True,Point,MATCHED_BY_NLM_NAMING_CONVENTION,TRAIN,5,1,50,999
smear_segmentation,374C189P150ThinF,C189P150ThinF,True,Point,MATCHED_BY_NLM_NAMING_CONVENTION,TRAIN,5,1,73,445
smear_segmentation,375C236ThinF,C236ThinF,True,Point,MATCHED_BY_NLM_NAMING_CONVENTION,TEST,5,1,0,1322
smear_segmentation,376C237ThinF,C237ThinF,True,Point,MATCHED_BY_NLM_NAMING_CONVENTION,VAL,5,1,0,1271
smear_segmentation,378C239ThinF,C239ThinF,True,Point,MATCHED_BY_NLM_NAMING_CONVENTION,TRAIN,5,3,0,1450
smear_segmentation,379C240ThinF,C240ThinF,True,Point,MATCHED_BY_NLM_NAMING_CONVENTION,TRAIN,5,5,0,1180
smear_segmentation,380C241NThinF,C241NThinF,True,Point,MATCHED_BY_NLM_NAMING_CONVENTION,TEST,5,0,0,901
