source_family,source_patient_id,canonical_patient_id,cell_identity_exists,set,status
smear_segmentation,142C38P3thinF_original,C38P3thinF_original,True,Polygon,MATCHED_BY_NLM_NAMING_CONVENTION
smear_segmentation,146C47P8thin_Original_Motic,C47P8thin_Original_Motic,True,Polygon,MATCHED_BY_NLM_NAMING_CONVENTION
smear_segmentation,150C49P10thinF,C49P10thinF,True,Polygon,MATCHED_BY_NLM_NAMING_CONVENTION
smear_segmentation,153C52P13thinF,C52P13thinF,True,Polygon,MATCHED_BY_NLM_NAMING_CONVENTION
smear_segmentation,156C55P16thinF,C55P16thinF,True,Polygon,MATCHED_BY_NLM_NAMING_CONVENTION
smear_segmentation,158C57P18thinF,C57P18thinF,True,Polygon,MATCHED_BY_NLM_NAMING_CONVENTION
smear_segmentation,208C67P28N_ThinF,C67P28N_ThinF,True,Polygon,MATCHED_BY_NLM_NAMING_CONVENTION
smear_segmentation,209C68P29N_ThinF,C68P29N_ThinF,True,Polygon,MATCHED_BY_NLM_NAMING_CONVENTION
smear_segmentation,211C70P31_ThinF,C70P31_ThinF,True,Polygon,MATCHED_BY_NLM_NAMING_CONVENTION
smear_segmentation,212C71P32_ThinF,C71P32_ThinF,True,Polygon,MATCHED_BY_NLM_NAMING_CONVENTION
smear_segmentation,221C79P40ThinF,C79P40ThinF,True,Polygon,MATCHED_BY_NLM_NAMING_CONVENTION
smear_segmentation,228C86P47ThinF,C86P47ThinF,True,Polygon,MATCHED_BY_NLM_NAMING_CONVENTION
smear_segmentation,231C89P50ThinF,C89P50ThinF,True,Polygon,MATCHED_BY_NLM_NAMING_CONVENTION
smear_segmentation,236C94P55ThinF,C94P55ThinF,True,Polygon,MATCHED_BY_NLM_NAMING_CONVENTION
smear_segmentation,244C7NthinF,C7NthinF,True,Polygon,MATCHED_BY_NLM_NAMING_CONVENTION
smear_segmentation,247C99P60ThinF,C99P60ThinF,True,Polygon,MATCHED_BY_NLM_NAMING_CONVENTION
smear_segmentation,263C115P76ThinF,C115P76ThinF,True,Polygon,MATCHED_BY_NLM_NAMING_CONVENTION
smear_segmentation,270C122P83ThinF,C122P83ThinF,True,Polygon,MATCHED_BY_NLM_NAMING_CONVENTION
smear_segmentation,274C126P87ThinF,C126P87ThinF,True,Polygon,MATCHED_BY_NLM_NAMING_CONVENTION
smear_segmentation,276C128P89ThinF,C128P89ThinF,True,Polygon,MATCHED_BY_NLM_NAMING_CONVENTION
smear_segmentation,282C134P95ThinF,C134P95ThinF,True,Polygon,MATCHED_BY_NLM_NAMING_CONVENTION
smear_segmentation,302C210ThinF,C210ThinF,True,Polygon,MATCHED_BY_NLM_NAMING_CONVENTION
smear_segmentation,305C212ThinF,C212ThinF,True,Polygon,MATCHED_BY_NLM_NAMING_CONVENTION
smear_segmentation,306C213ThinF,C213ThinF,True,Polygon,MATCHED_BY_NLM_NAMING_CONVENTION
smear_segmentation,309C216ThinF,C216ThinF,True,Polygon,MATCHED_BY_NLM_NAMING_CONVENTION
smear_segmentation,318C226ThinF,C226ThinF,True,Polygon,MATCHED_BY_NLM_NAMING_CONVENTION
smear_segmentation,323C231ThinF,C231ThinF,True,Polygon,MATCHED_BY_NLM_NAMING_CONVENTION
smear_segmentation,327C235ThinF,C235ThinF,True,Polygon,MATCHED_BY_NLM_NAMING_CONVENTION
smear_segmentation,343C160P121ThinF,C160P121ThinF,True,Polygon,MATCHED_BY_NLM_NAMING_CONVENTION
smear_segmentation,354C169P130ThinF,C169P130ThinF,True,Polygon,MATCHED_BY_NLM_NAMING_CONVENTION
smear_segmentation,362C177P138NThinF,C177P138NThinF,True,Polygon,MATCHED_BY_NLM_NAMING_CONVENTION
smear_segmentation,372C187P148NThinF,C187P148NThinF,True,Polygon,MATCHED_BY_NLM_NAMING_CONVENTION
smear_segmentation,377C238NThinF,C238NThinF,True,Polygon,MATCHED_BY_NLM_NAMING_CONVENTION
smear_segmentation,143C39P4thinF_original,C39P4thinF_original,True,Point,MATCHED_BY_NLM_NAMING_CONVENTION
smear_segmentation,144C3thin_original,C3thin_original,True,Point,MATCHED_BY_NLM_NAMING_CONVENTION
smear_segmentation,145C42P5thin_original,C42P5thin_original,True,Point,MATCHED_BY_NLM_NAMING_CONVENTION
smear_segmentation,147C4thin_original,C4thin_original,True,Point,MATCHED_BY_NLM_NAMING_CONVENTION
smear_segmentation,148C47P8thinOriginalOlympusCX21,C47P8thinOriginalOlympusCX21,True,Point,MATCHED_BY_NLM_NAMING_CONVENTION
smear_segmentation,149C48P9thinF,C48P9thinF,True,Point,MATCHED_BY_NLM_NAMING_CONVENTION
smear_segmentation,151C50P11thinF,C50P11thinF,True,Point,MATCHED_BY_NLM_NAMING_CONVENTION
smear_segmentation,152C51AP12thinF,C51AP12thinF,True,Point,MATCHED_BY_NLM_NAMING_CONVENTION
smear_segmentation,154C53P14thinF,C53P14thinF,True,Point,MATCHED_BY_NLM_NAMING_CONVENTION
smear_segmentation,155C54P15thinF,C54P15thinF,True,Point,MATCHED_BY_NLM_NAMING_CONVENTION
smear_segmentation,157C56P17thinF,C56P17thinF,True,Point,MATCHED_BY_NLM_NAMING_CONVENTION
smear_segmentation,159C58P19thinF,C58P19thinF,True,Point,MATCHED_BY_NLM_NAMING_CONVENTION
smear_segmentation,200C59P20thinF,C59P20thinF,True,Point,MATCHED_BY_NLM_NAMING_CONVENTION
smear_segmentation,201C60P21thinF,C60P21thinF,True,Point,MATCHED_BY_NLM_NAMING_CONVENTION
smear_segmentation,202C61P22N_ThinF,C61P22N_ThinF,True,Point,MATCHED_BY_NLM_NAMING_CONVENTION
smear_segmentation,203C62P23N_ThinF,C62P23N_ThinF,True,Point,MATCHED_BY_NLM_NAMING_CONVENTION
smear_segmentation,204C63P24N_ThinF,C63P24N_ThinF,True,Point,MATCHED_BY_NLM_NAMING_CONVENTION
smear_segmentation,205C64P25N_ThinF,C64P25N_ThinF,True,Point,MATCHED_BY_NLM_NAMING_CONVENTION
smear_segmentation,206C65P26N_ThinF,C65P26N_ThinF,True,Point,MATCHED_BY_NLM_NAMING_CONVENTION
smear_segmentation,207C66P27N_ThinF,C66P27N_ThinF,True,Point,MATCHED_BY_NLM_NAMING_CONVENTION
smear_segmentation,210C69P30N_ThinF,C69P30N_ThinF,True,Point,MATCHED_BY_NLM_NAMING_CONVENTION
smear_segmentation,213C72P33_ThinF,C72P33_ThinF,True,Point,MATCHED_BY_NLM_NAMING_CONVENTION
smear_segmentation,214C73P34_ThinF,C73P34_ThinF,True,Point,MATCHED_BY_NLM_NAMING_CONVENTION
smear_segmentation,215C74P35_ThinF,C74P35_ThinF,True,Point,MATCHED_BY_NLM_NAMING_CONVENTION
smear_segmentation,216C75P36_ThinF,C75P36_ThinF,True,Point,MATCHED_BY_NLM_NAMING_CONVENTION
smear_segmentation,218C76P37ThinF,C76P37ThinF,True,Point,MATCHED_BY_NLM_NAMING_CONVENTION
smear_segmentation,219C77P38ThinF,C77P38ThinF,True,Point,MATCHED_BY_NLM_NAMING_CONVENTION
smear_segmentation,220C78P39ThinF,C78P39ThinF,True,Point,MATCHED_BY_NLM_NAMING_CONVENTION
smear_segmentation,222C80P41ThinF,C80P41ThinF,True,Point,MATCHED_BY_NLM_NAMING_CONVENTION
smear_segmentation,223C81P42ThinF,C81P42ThinF,True,Point,MATCHED_BY_NLM_NAMING_CONVENTION
smear_segmentation,224C82P43ThinF,C82P43ThinF,True,Point,MATCHED_BY_NLM_NAMING_CONVENTION
smear_segmentation,225C83P44ThinF,C83P44ThinF,True,Point,MATCHED_BY_NLM_NAMING_CONVENTION
smear_segmentation,226C84P45ThinF,C84P45ThinF,True,Point,MATCHED_BY_NLM_NAMING_CONVENTION
smear_segmentation,227C85P46ThinF,C85P46ThinF,True,Point,MATCHED_BY_NLM_NAMING_CONVENTION
smear_segmentation,229C87P48ThinF,C87P48ThinF,True,Point,MATCHED_BY_NLM_NAMING_CONVENTION
smear_segmentation,230C88P49ThinF,C88P49ThinF,True,Point,MATCHED_BY_NLM_NAMING_CONVENTION
smear_segmentation,232C90P51ThinF,C90P51ThinF,True,Point,MATCHED_BY_NLM_NAMING_CONVENTION
smear_segmentation,233C91P52ThinF,C91P52ThinF,True,Point,MATCHED_BY_NLM_NAMING_CONVENTION
smear_segmentation,234C92P53ThinF,C92P53ThinF,True,Point,MATCHED_BY_NLM_NAMING_CONVENTION
smear_segmentation,235C93P54ThinF,C93P54ThinF,True,Point,MATCHED_BY_NLM_NAMING_CONVENTION
smear_segmentation,237C95P56ThinF,C95P56ThinF,True,Point,MATCHED_BY_NLM_NAMING_CONVENTION
smear_segmentation,238C96P57ThinF,C96P57ThinF,True,Point,MATCHED_BY_NLM_NAMING_CONVENTION
smear_segmentation,239C12NThinF,C12NThinF,True,Point,MATCHED_BY_NLM_NAMING_CONVENTION
smear_segmentation,240C13NThinF,C13NThinF,True,Point,MATCHED_BY_NLM_NAMING_CONVENTION
smear_segmentation,241C2NThinF,C2NThinF,True,Point,MATCHED_BY_NLM_NAMING_CONVENTION
smear_segmentation,242C5NThinF,C5NThinF,True,Point,MATCHED_BY_NLM_NAMING_CONVENTION
smear_segmentation,243C6NThinF,C6NThinF,True,Point,MATCHED_BY_NLM_NAMING_CONVENTION
smear_segmentation,245C97P58ThinF,C97P58ThinF,True,Point,MATCHED_BY_NLM_NAMING_CONVENTION
smear_segmentation,246C98P59ThinF,C98P59ThinF,True,Point,MATCHED_BY_NLM_NAMING_CONVENTION
smear_segmentation,248C100P61ThinF,C100P61ThinF,True,Point,MATCHED_BY_NLM_NAMING_CONVENTION
smear_segmentation,249C101P62ThinF,C101P62ThinF,True,Point,MATCHED_BY_NLM_NAMING_CONVENTION
smear_segmentation,250C102P63ThinF,C102P63ThinF,True,Point,MATCHED_BY_NLM_NAMING_CONVENTION
smear_segmentation,251C103P64ThinF,C103P64ThinF,True,Point,MATCHED_BY_NLM_NAMING_CONVENTION
smear_segmentation,252C104P65ThinF,C104P65ThinF,True,Point,MATCHED_BY_NLM_NAMING_CONVENTION
smear_segmentation,253C105P66ThinF,C105P66ThinF,True,Point,MATCHED_BY_NLM_NAMING_CONVENTION
smear_segmentation,254C106P67ThinF,C106P67ThinF,True,Point,MATCHED_BY_NLM_NAMING_CONVENTION
smear_segmentation,255C107P68ThinF,C107P68ThinF,True,Point,MATCHED_BY_NLM_NAMING_CONVENTION
smear_segmentation,256C108P69ThinF,C108P69ThinF,True,Point,MATCHED_BY_NLM_NAMING_CONVENTION
smear_segmentation,257C109P70ThinF,C109P70ThinF,True,Point,MATCHED_BY_NLM_NAMING_CONVENTION
smear_segmentation,258C110P71ThinF,C110P71ThinF,True,Point,MATCHED_BY_NLM_NAMING_CONVENTION
smear_segmentation,259C111P72ThinF,C111P72ThinF,True,Point,MATCHED_BY_NLM_NAMING_CONVENTION
smear_segmentation,260C112P73ThinF,C112P73ThinF,True,Point,MATCHED_BY_NLM_NAMING_CONVENTION
smear_segmentation,261C113P74ThinF,C113P74ThinF,True,Point,MATCHED_BY_NLM_NAMING_CONVENTION
smear_segmentation,262C114P75ThinF,C114P75ThinF,True,Point,MATCHED_BY_NLM_NAMING_CONVENTION
smear_segmentation,264C116P77ThinF,C116P77ThinF,True,Point,MATCHED_BY_NLM_NAMING_CONVENTION
smear_segmentation,265C117P78ThinF,C117P78ThinF,True,Point,MATCHED_BY_NLM_NAMING_CONVENTION
smear_segmentation,266C118P79ThinF,C118P79ThinF,True,Point,MATCHED_BY_NLM_NAMING_CONVENTION
smear_segmentation,267C119P80ThinF,C119P80ThinF,True,Point,MATCHED_BY_NLM_NAMING_CONVENTION
smear_segmentation,268C120P81ThinF,C120P81ThinF,True,Point,MATCHED_BY_NLM_NAMING_CONVENTION
smear_segmentation,269C121P82ThinF,C121P82ThinF,True,Point,MATCHED_BY_NLM_NAMING_CONVENTION
smear_segmentation,271C123P84ThinF,C123P84ThinF,True,Point,MATCHED_BY_NLM_NAMING_CONVENTION
smear_segmentation,272C124P85ThinF,C124P85ThinF,True,Point,MATCHED_BY_NLM_NAMING_CONVENTION
smear_segmentation,273C125P86ThinF,C125P86ThinF,True,Point,MATCHED_BY_NLM_NAMING_CONVENTION
smear_segmentation,275C127P88ThinF,C127P88ThinF,True,Point,MATCHED_BY_NLM_NAMING_CONVENTION
smear_segmentation,277C129P90ThinF,C129P90ThinF,True,Point,MATCHED_BY_NLM_NAMING_CONVENTION
smear_segmentation,278C130P91ThinF,C130P91ThinF,True,Point,MATCHED_BY_NLM_NAMING_CONVENTION
smear_segmentation,279C131P92ThinF,C131P92ThinF,True,Point,MATCHED_BY_NLM_NAMING_CONVENTION
smear_segmentation,280C132P93ThinF,C132P93ThinF,True,Point,MATCHED_BY_NLM_NAMING_CONVENTION
smear_segmentation,281C133P94ThinF,C133P94ThinF,True,Point,MATCHED_BY_NLM_NAMING_CONVENTION
smear_segmentation,283C135P96ThinF,C135P96ThinF,True,Point,MATCHED_BY_NLM_NAMING_CONVENTION
smear_segmentation,284C136P97ThinF,C136P97ThinF,True,Point,MATCHED_BY_NLM_NAMING_CONVENTION
smear_segmentation,285C137P98ThinF,C137P98ThinF,True,Point,MATCHED_BY_NLM_NAMING_CONVENTION
smear_segmentation,286C138P99ThinF,C138P99ThinF,True,Point,MATCHED_BY_NLM_NAMING_CONVENTION
smear_segmentation,287C139P100ThinF,C139P100ThinF,True,Point,MATCHED_BY_NLM_NAMING_CONVENTION
smear_segmentation,288C140P101ThinF,C140P101ThinF,True,Point,MATCHED_BY_NLM_NAMING_CONVENTION
smear_segmentation,289C141P102ThinF,C141P102ThinF,True,Point,MATCHED_BY_NLM_NAMING_CONVENTION
smear_segmentation,290C142P103ThinF,C142P103ThinF,True,Point,MATCHED_BY_NLM_NAMING_CONVENTION
smear_segmentation,291C143P104ThinF,C143P104ThinF,True,Point,MATCHED_BY_NLM_NAMING_CONVENTION
smear_segmentation,292C144P105ThinF,C144P105ThinF,True,Point,MATCHED_BY_NLM_NAMING_CONVENTION
smear_segmentation,293C145P106ThinF,C145P106ThinF,True,Point,MATCHED_BY_NLM_NAMING_CONVENTION
smear_segmentation,294C201ThinF,C201ThinF,True,Point,MATCHED_BY_NLM_NAMING_CONVENTION
smear_segmentation,295C202ThinF,C202ThinF,True,Point,MATCHED_BY_NLM_NAMING_CONVENTION
smear_segmentation,300C208ThinF,C208ThinF,True,Point,MATCHED_BY_NLM_NAMING_CONVENTION
smear_segmentation,303C205ThinF,C205ThinF,True,Point,MATCHED_BY_NLM_NAMING_CONVENTION
smear_segmentation,304C211ThinF,C211ThinF,True,Point,MATCHED_BY_NLM_NAMING_CONVENTION
smear_segmentation,307C214ThinF,C214ThinF,True,Point,MATCHED_BY_NLM_NAMING_CONVENTION
smear_segmentation,308C215ThinF,C215ThinF,True,Point,MATCHED_BY_NLM_NAMING_CONVENTION
smear_segmentation,310C217ThinF,C217ThinF,True,Point,MATCHED_BY_NLM_NAMING_CONVENTION
smear_segmentation,311C218ThinF,C218ThinF,True,Point,MATCHED_BY_NLM_NAMING_CONVENTION
smear_segmentation,312C219ThinF,C219ThinF,True,Point,MATCHED_BY_NLM_NAMING_CONVENTION
smear_segmentation,313C220ThinF,C220ThinF,True,Point,MATCHED_BY_NLM_NAMING_CONVENTION
smear_segmentation,314C221ThinF,C221ThinF,True,Point,MATCHED_BY_NLM_NAMING_CONVENTION
smear_segmentation,315C223ThinF,C223ThinF,True,Point,MATCHED_BY_NLM_NAMING_CONVENTION
smear_segmentation,316C224ThinF,C224ThinF,True,Point,MATCHED_BY_NLM_NAMING_CONVENTION
smear_segmentation,317C225ThinF,C225ThinF,True,Point,MATCHED_BY_NLM_NAMING_CONVENTION
smear_segmentation,319C227ThinF,C227ThinF,True,Point,MATCHED_BY_NLM_NAMING_CONVENTION
smear_segmentation,320C228ThinF,C228ThinF,True,Point,MATCHED_BY_NLM_NAMING_CONVENTION
smear_segmentation,321C229ThinF,C229ThinF,True,Point,MATCHED_BY_NLM_NAMING_CONVENTION
smear_segmentation,322C230ThinF,C230ThinF,True,Point,MATCHED_BY_NLM_NAMING_CONVENTION
smear_segmentation,324C232ThinF,C232ThinF,True,Point,MATCHED_BY_NLM_NAMING_CONVENTION
smear_segmentation,325C233ThinF,C233ThinF,True,Point,MATCHED_BY_NLM_NAMING_CONVENTION
smear_segmentation,326C234ThinF,C234ThinF,True,Point,MATCHED_BY_NLM_NAMING_CONVENTION
smear_segmentation,328C222ThinF,C222ThinF,True,Point,MATCHED_BY_NLM_NAMING_CONVENTION
smear_segmentation,329C146P107ThinF,C146P107ThinF,True,Point,MATCHED_BY_NLM_NAMING_CONVENTION
smear_segmentation,330C147P108ThinF,C147P108ThinF,True,Point,MATCHED_BY_NLM_NAMING_CONVENTION
smear_segmentation,331C148P109ThinF,C148P109ThinF,True,Point,MATCHED_BY_NLM_NAMING_CONVENTION
smear_segmentation,332C149P110ThinF,C149P110ThinF,True,Point,MATCHED_BY_NLM_NAMING_CONVENTION
smear_segmentation,333C150P111ThinF,C150P111ThinF,True,Point,MATCHED_BY_NLM_NAMING_CONVENTION
smear_segmentation,334C151P112ThinF,C151P112ThinF,True,Point,MATCHED_BY_NLM_NAMING_CONVENTION
smear_segmentation,335C152P113ThinF,C152P113ThinF,True,Point,MATCHED_BY_NLM_NAMING_CONVENTION
smear_segmentation,336C153P114ThinF,C153P114ThinF,True,Point,MATCHED_BY_NLM_NAMING_CONVENTION
smear_segmentation,337C154P115ThinF,C154P115ThinF,True,Point,MATCHED_BY_NLM_NAMING_CONVENTION
smear_segmentation,338C155P116ThinF,C155P116ThinF,True,Point,MATCHED_BY_NLM_NAMING_CONVENTION
smear_segmentation,339C156P117ThinF,C156P117ThinF,True,Point,MATCHED_BY_NLM_NAMING_CONVENTION
smear_segmentation,340C157P118ThinF,C157P118ThinF,True,Point,MATCHED_BY_NLM_NAMING_CONVENTION
smear_segmentation,341C158P119ThinF,C158P119ThinF,True,Point,MATCHED_BY_NLM_NAMING_CONVENTION
smear_segmentation,342C159P120ThinF,C159P120ThinF,True,Point,MATCHED_BY_NLM_NAMING_CONVENTION
smear_segmentation,344C161P122ThinF,C161P122ThinF,True,Point,MATCHED_BY_NLM_NAMING_CONVENTION
smear_segmentation,345C162P123ThinF,C162P123ThinF,True,Point,MATCHED_BY_NLM_NAMING_CONVENTION
smear_segmentation,346C163P124ThinF,C163P124ThinF,True,Point,MATCHED_BY_NLM_NAMING_CONVENTION
smear_segmentation,347C164P125ThinF,C164P125ThinF,True,Point,MATCHED_BY_NLM_NAMING_CONVENTION
smear_segmentation,348C165P126ThinF,C165P126ThinF,True,Point,MATCHED_BY_NLM_NAMING_CONVENTION
smear_segmentation,349C45P6ThinF,C45P6ThinF,True,Point,MATCHED_BY_NLM_NAMING_CONVENTION
smear_segmentation,350C46P7ThinF,C46P7ThinF,True,Point,MATCHED_BY_NLM_NAMING_CONVENTION
smear_segmentation,351C166P127ThinF,C166P127ThinF,True,Point,MATCHED_BY_NLM_NAMING_CONVENTION
smear_segmentation,352C167P128ReThinF,C167P128ReThinF,True,Point,MATCHED_BY_NLM_NAMING_CONVENTION
smear_segmentation,353C168P129ThinF,C168P129ThinF,True,Point,MATCHED_BY_NLM_NAMING_CONVENTION
smear_segmentation,355C170P131ThinF,C170P131ThinF,True,Point,MATCHED_BY_NLM_NAMING_CONVENTION
smear_segmentation,356C171P132ThinF,C171P132ThinF,True,Point,MATCHED_BY_NLM_NAMING_CONVENTION
smear_segmentation,357C172P133ThinF,C172P133ThinF,True,Point,MATCHED_BY_NLM_NAMING_CONVENTION
smear_segmentation,358C173P134NThinF,C173P134NThinF,True,Point,MATCHED_BY_NLM_NAMING_CONVENTION
smear_segmentation,359C174P135NThinF,C174P135NThinF,True,Point,MATCHED_BY_NLM_NAMING_CONVENTION
smear_segmentation,360C175P136NThinF,C175P136NThinF,True,Point,MATCHED_BY_NLM_NAMING_CONVENTION
smear_segmentation,361C176P137NThinF,C176P137NThinF,True,Point,MATCHED_BY_NLM_NAMING_CONVENTION
smear_segmentation,363C178P139NThinF,C178P139NThinF,True,Point,MATCHED_BY_NLM_NAMING_CONVENTION
smear_segmentation,364C179P140ThinF,C179P140ThinF,True,Point,MATCHED_BY_NLM_NAMING_CONVENTION
smear_segmentation,365C180P141NThinF,C180P141NThinF,True,Point,MATCHED_BY_NLM_NAMING_CONVENTION
smear_segmentation,366C181P142ThinF,C181P142ThinF,True,Point,MATCHED_BY_NLM_NAMING_CONVENTION
smear_segmentation,367C182P143NThinF,C182P143NThinF,True,Point,MATCHED_BY_NLM_NAMING_CONVENTION
smear_segmentation,368C183P144NThinF,C183P144NThinF,True,Point,MATCHED_BY_NLM_NAMING_CONVENTION
smear_segmentation,369C184P145ThinF,C184P145ThinF,True,Point,MATCHED_BY_NLM_NAMING_CONVENTION
smear_segmentation,370C185P146ThinF,C185P146ThinF,True,Point,MATCHED_BY_NLM_NAMING_CONVENTION
smear_segmentation,371C186P147NThinF,C186P147NThinF,True,Point,MATCHED_BY_NLM_NAMING_CONVENTION
smear_segmentation,373C188P149ThinF,C188P149ThinF,True,Point,MATCHED_BY_NLM_NAMING_CONVENTION
smear_segmentation,374C189P150ThinF,C189P150ThinF,True,Point,MATCHED_BY_NLM_NAMING_CONVENTION
smear_segmentation,375C236ThinF,C236ThinF,True,Point,MATCHED_BY_NLM_NAMING_CONVENTION
smear_segmentation,376C237ThinF,C237ThinF,True,Point,MATCHED_BY_NLM_NAMING_CONVENTION
smear_segmentation,378C239ThinF,C239ThinF,True,Point,MATCHED_BY_NLM_NAMING_CONVENTION
smear_segmentation,379C240ThinF,C240ThinF,True,Point,MATCHED_BY_NLM_NAMING_CONVENTION
smear_segmentation,380C241NThinF,C241NThinF,True,Point,MATCHED_BY_NLM_NAMING_CONVENTION
