full_smear_patient_id,canonical_patient_id,cell_identity_exists,existing_cell_split
142C38P3thinF_original,C38P3thinF_original,True,TRAIN
146C47P8thin_Original_Motic,C47P8thin_Original_Motic,True,TRAIN
150C49P10thinF,C49P10thinF,True,TEST
153C52P13thinF,C52P13thinF,True,VAL
156C55P16thinF,C55P16thinF,True,TRAIN
158C57P18thinF,C57P18thinF,True,VAL
208C67P28N_ThinF,C67P28N_ThinF,True,TRAIN
209C68P29N_ThinF,C68P29N_ThinF,True,TRAIN
211C70P31_ThinF,C70P31_ThinF,True,TRAIN
212C71P32_ThinF,C71P32_ThinF,True,TRAIN
221C79P40ThinF,C79P40ThinF,True,TRAIN
228C86P47ThinF,C86P47ThinF,True,TRAIN
231C89P50ThinF,C89P50ThinF,True,TRAIN
236C94P55ThinF,C94P55ThinF,True,TRAIN
244C7NthinF,C7NthinF,True,TRAIN
247C99P60ThinF,C99P60ThinF,True,TRAIN
263C115P76ThinF,C115P76ThinF,True,TRAIN
270C122P83ThinF,C122P83ThinF,True,TRAIN
274C126P87ThinF,C126P87ThinF,True,TRAIN
276C128P89ThinF,C128P89ThinF,True,TRAIN
282C134P95ThinF,C134P95ThinF,True,TRAIN
302C210ThinF,C210ThinF,True,TRAIN
305C212ThinF,C212ThinF,True,TRAIN
306C213ThinF,C213ThinF,True,TRAIN
309C216ThinF,C216ThinF,True,TRAIN
318C226ThinF,C226ThinF,True,TRAIN
323C231ThinF,C231ThinF,True,TRAIN
327C235ThinF,C235ThinF,True,TEST
343C160P121ThinF,C160P121ThinF,True,TRAIN
354C169P130ThinF,C169P130ThinF,True,TEST
362C177P138NThinF,C177P138NThinF,True,TRAIN
372C187P148NThinF,C187P148NThinF,True,TRAIN
377C238NThinF,C238NThinF,True,TRAIN
