source_record_id,source_filename,patient,split,class,relative_path
a16860dd-676b-5c86-bb11-df7d774b7067,C82P43ThinF_IMG_20150817_123500_cell_224.png,C82P43ThinF,train,parasitized,train/parasitized/C82P43ThinF_IMG_20150817_123500_cell_224.png
cce0f77a-43fb-5923-b175-3cae37c6f3b0,C101P62ThinF_IMG_20150918_151507_cell_52.png,C101P62ThinF,train,parasitized,train/parasitized/C101P62ThinF_IMG_20150918_151507_cell_52.png
e8e8837e-81a5-5688-af66-f1bc7dc5644c,C181P142ThinF_IMG_20151127_160616_cell_162.png,C181P142ThinF,train,parasitized,train/parasitized/C181P142ThinF_IMG_20151127_160616_cell_162.png
3b01f513-4d3d-547a-b2cc-3291f684d8aa,C33P1thinF_IMG_20150619_121102a_cell_193.png,C33P1thinF,train,parasitized,train/parasitized/C33P1thinF_IMG_20150619_121102a_cell_193.png
fc18136d-0923-54c7-a7f0-8d04162a8c00,C59P20thinF_IMG_20150803_113430_cell_44.png,C59P20thinF,train,parasitized,train/parasitized/C59P20thinF_IMG_20150803_113430_cell_44.png
cc8906c6-4dfb-5f1b-9cba-c42c1fd8aaf7,C48P9thinF_IMG_20150721_162732_cell_1.png,C48P9thinF,train,parasitized,train/parasitized/C48P9thinF_IMG_20150721_162732_cell_1.png
d2facdcd-a9de-50ae-b491-e3444642a070,C182P143NThinF_IMG_20151201_172257_cell_158.png,C182P143NThinF,train,parasitized,train/parasitized/C182P143NThinF_IMG_20151201_172257_cell_158.png
fff3f6d9-1ecf-5493-a231-7233cd7f6f48,C137P98ThinF_IMG_20151005_161449_cell_11.png,C137P98ThinF,train,parasitized,train/parasitized/C137P98ThinF_IMG_20151005_161449_cell_11.png
d27eb959-99e2-527c-b37d-097b64ce81de,C129P90ThinF_IMG_20151004_134520_cell_125.png,C129P90ThinF,train,parasitized,train/parasitized/C129P90ThinF_IMG_20151004_134520_cell_125.png
52707380-9d81-5042-a960-6899ca6dcf45,C93P54ThinF_IMG_20150821_163640_cell_202.png,C93P54ThinF,train,parasitized,train/parasitized/C93P54ThinF_IMG_20150821_163640_cell_202.png
373e5346-1c4d-5198-a8b4-9a8512861148,C182P143NThinF_IMG_20151201_171836_cell_172.png,C182P143NThinF,train,parasitized,train/parasitized/C182P143NThinF_IMG_20151201_171836_cell_172.png
029b7e76-57c6-51fb-8e7e-8413a8c87cd5,C68P29N_ThinF_IMG_20150819_134830_cell_64.png,C68P29N_ThinF,train,parasitized,train/parasitized/C68P29N_ThinF_IMG_20150819_134830_cell_64.png
9af3e474-ce67-58ee-9da5-34976e3586b5,C120P81ThinF_IMG_20151002_130150_cell_211.png,C120P81ThinF,train,parasitized,train/parasitized/C120P81ThinF_IMG_20151002_130150_cell_211.png
d0c07e10-bb51-5e2e-97f1-b49739b299b3,C82P43ThinF_IMG_20150817_125114_cell_14.png,C82P43ThinF,train,parasitized,train/parasitized/C82P43ThinF_IMG_20150817_125114_cell_14.png
a6747f7c-b7ff-5fa3-8da2-c7dbac0b9cef,C59P20thinF_IMG_20150803_115303_cell_41.png,C59P20thinF,train,parasitized,train/parasitized/C59P20thinF_IMG_20150803_115303_cell_41.png
26dc8671-b38a-5d1a-8c17-816d1432aa35,C181P142ThinF_IMG_20151127_160539_cell_178.png,C181P142ThinF,train,parasitized,train/parasitized/C181P142ThinF_IMG_20151127_160539_cell_178.png
a4549060-d8aa-52af-b038-a99f1fcbdeff,C82P43ThinF_IMG_20150817_123824_cell_187.png,C82P43ThinF,train,parasitized,train/parasitized/C82P43ThinF_IMG_20150817_123824_cell_187.png
9d12416b-b0cf-55f7-9d60-12f86a873142,C97P58ThinF_IMG_20150917_151551_cell_180.png,C97P58ThinF,train,parasitized,train/parasitized/C97P58ThinF_IMG_20150917_151551_cell_180.png
bc641ba0-cfb6-5cb1-9b1f-bba7e05517c7,C108P69ThinF_IMG_20150924_224038_cell_188.png,C108P69ThinF,train,parasitized,train/parasitized/C108P69ThinF_IMG_20150924_224038_cell_188.png
e4d67ca3-5597-59d4-a534-2e2e8921a946,C91P52ThinF_IMG_20150821_124937_cell_210.png,C91P52ThinF,train,parasitized,train/parasitized/C91P52ThinF_IMG_20150821_124937_cell_210.png
07f36c2d-60dc-530d-a205-5fefed721ad4,C132P93ThinF_IMG_20151004_153030_cell_1.png,C132P93ThinF,train,parasitized,train/parasitized/C132P93ThinF_IMG_20151004_153030_cell_1.png
83f67d68-438c-5ad6-adef-37873217b160,C120P81ThinF_IMG_20151002_125443_cell_136.png,C120P81ThinF,train,parasitized,train/parasitized/C120P81ThinF_IMG_20151002_125443_cell_136.png
d925cc23-f7d3-572b-b4fa-59afdb6307d6,C132P93ThinF_IMG_20151004_152808_cell_8.png,C132P93ThinF,train,parasitized,train/parasitized/C132P93ThinF_IMG_20151004_152808_cell_8.png
22e52510-cfc3-5e44-a414-709c38e6f8b2,C97P58ThinF_IMG_20150917_152225_cell_27.png,C97P58ThinF,train,parasitized,train/parasitized/C97P58ThinF_IMG_20150917_152225_cell_27.png
7a052dfb-eb90-5904-a837-15ec4a86d354,C133P94ThinF_IMG_20151004_155912_cell_14.png,C133P94ThinF,train,parasitized,train/parasitized/C133P94ThinF_IMG_20151004_155912_cell_14.png
c6ae5586-2aa7-5203-928f-cef24d75fa99,C148P109ThinF_IMG_20151115_112445_cell_241.png,C148P109ThinF,train,parasitized,train/parasitized/C148P109ThinF_IMG_20151115_112445_cell_241.png
54db8f03-2aa3-52d2-86b9-82e971960ff6,C67P28N_ThinF_IMG_20150819_133000_cell_167.png,C67P28N_ThinF,train,parasitized,train/parasitized/C67P28N_ThinF_IMG_20150819_133000_cell_167.png
fc6030e0-d44c-5880-ae65-5ec714eeb08e,C173P134NThinF_IMG_20151130_120046_cell_243.png,C173P134NThinF,train,parasitized,train/parasitized/C173P134NThinF_IMG_20151130_120046_cell_243.png
48b2fcf3-f065-5303-bca2-37bdfd843ea8,C84P45ThinF_IMG_20150818_102800_cell_5.png,C84P45ThinF,train,parasitized,train/parasitized/C84P45ThinF_IMG_20150818_102800_cell_5.png
31640f04-2209-5c01-9c9c-f2ac2791533f,C189P150ThinF_IMG_20151203_142224_cell_86.png,C189P150ThinF,train,parasitized,train/parasitized/C189P150ThinF_IMG_20151203_142224_cell_86.png
6fdf9b3c-4006-528b-9b8f-bf776b773224,C182P143NThinF_IMG_20151201_172057_cell_163.png,C182P143NThinF,train,parasitized,train/parasitized/C182P143NThinF_IMG_20151201_172057_cell_163.png
3f9177ac-656e-5166-8e4d-27915ce6af20,C129P90ThinF_IMG_20151004_134306_cell_135.png,C129P90ThinF,train,parasitized,train/parasitized/C129P90ThinF_IMG_20151004_134306_cell_135.png
307e3284-60ab-51c9-9963-5f4ecfbb5a87,C180P141NThinF_IMG_20151201_165659_cell_28.png,C180P141NThinF,train,parasitized,train/parasitized/C180P141NThinF_IMG_20151201_165659_cell_28.png
80647041-3820-5a2f-a999-c199cc93a36e,C99P60ThinF_IMG_20150918_141620_cell_58.png,C99P60ThinF,train,parasitized,train/parasitized/C99P60ThinF_IMG_20150918_141620_cell_58.png
28061a35-b37e-5aa9-b9ce-d7ec06fee300,C180P141NThinF_IMG_20151201_165453_cell_21.png,C180P141NThinF,train,parasitized,train/parasitized/C180P141NThinF_IMG_20151201_165453_cell_21.png
4e79baa1-706d-5aa5-9d73-2ccfccc198f3,C66P27N_ThinF_IMG_20150818_164408_cell_144.png,C66P27N_ThinF,train,parasitized,train/parasitized/C66P27N_ThinF_IMG_20150818_164408_cell_144.png
f9cb6542-ce29-5d39-bdbb-773163bd1ec9,C137P98ThinF_IMG_20151005_161449_cell_3.png,C137P98ThinF,train,parasitized,train/parasitized/C137P98ThinF_IMG_20151005_161449_cell_3.png
070e5b17-c57f-5909-8e29-1d036c6b1ebd,C33P1thinF_IMG_20150619_115808a_cell_206.png,C33P1thinF,train,parasitized,train/parasitized/C33P1thinF_IMG_20150619_115808a_cell_206.png
4602b565-97cb-5312-bb97-369de0bdeb3d,C48P9thinF_IMG_20150721_160944_cell_200.png,C48P9thinF,train,parasitized,train/parasitized/C48P9thinF_IMG_20150721_160944_cell_200.png
3bd92800-48e6-5de7-bcb5-68f57630436c,C68P29N_ThinF_IMG_20150819_134504_cell_166.png,C68P29N_ThinF,train,parasitized,train/parasitized/C68P29N_ThinF_IMG_20150819_134504_cell_166.png
ec57875d-ec1b-5a2e-ab0b-f09572f1e4f9,C99P60ThinF_IMG_20150918_140900_cell_141.png,C99P60ThinF,train,parasitized,train/parasitized/C99P60ThinF_IMG_20150918_140900_cell_141.png
3baa99ff-fe35-50df-b0c2-9d3759fb7413,C101P62ThinF_IMG_20150923_165215_cell_19.png,C101P62ThinF,train,parasitized,train/parasitized/C101P62ThinF_IMG_20150923_165215_cell_19.png
864388ec-cf2e-5812-8d6a-b816cea1871c,C84P45ThinF_IMG_20150818_101146_cell_101.png,C84P45ThinF,train,parasitized,train/parasitized/C84P45ThinF_IMG_20150818_101146_cell_101.png
8b123518-72da-5c4c-9039-08b1f3ecde97,C129P90ThinF_IMG_20151004_133703_cell_96.png,C129P90ThinF,train,parasitized,train/parasitized/C129P90ThinF_IMG_20151004_133703_cell_96.png
fb907168-eb9a-5759-95c6-be8cdbce5198,C33P1thinF_IMG_20150619_121229a_cell_177.png,C33P1thinF,train,parasitized,train/parasitized/C33P1thinF_IMG_20150619_121229a_cell_177.png
4d9c9d99-b982-5107-a707-b199464ba157,C84P45ThinF_IMG_20150818_102009_cell_5.png,C84P45ThinF,train,parasitized,train/parasitized/C84P45ThinF_IMG_20150818_102009_cell_5.png
298426cd-9a25-5e2f-9a22-290269bc620b,C59P20thinF_IMG_20150803_113430_cell_6.png,C59P20thinF,train,parasitized,train/parasitized/C59P20thinF_IMG_20150803_113430_cell_6.png
a56f50f3-9d8a-54dc-945e-213c119ddf1a,C46P7ThinF_IMG_20151130_210843_cell_145.png,C46P7ThinF,train,parasitized,train/parasitized/C46P7ThinF_IMG_20151130_210843_cell_145.png
d025bd2e-534d-5d48-a233-d25f00d2e9eb,C171P132ThinF_IMG_20151119_153347_cell_212.png,C171P132ThinF,train,parasitized,train/parasitized/C171P132ThinF_IMG_20151119_153347_cell_212.png
e42e5063-98d2-59cc-839a-79fc2ea9760b,C137P98ThinF_IMG_20151005_163218_cell_78.png,C137P98ThinF,train,parasitized,train/parasitized/C137P98ThinF_IMG_20151005_163218_cell_78.png
0c4657be-a183-5ac9-b4c2-ef2a1f37ef1a,C91P52ThinF_IMG_20150821_125154_cell_216.png,C91P52ThinF,train,parasitized,train/parasitized/C91P52ThinF_IMG_20150821_125154_cell_216.png
65697277-bcd6-597b-9e08-c4dca916781c,C118P79ThinF_IMG_20151002_110834_cell_157.png,C118P79ThinF,train,parasitized,train/parasitized/C118P79ThinF_IMG_20151002_110834_cell_157.png
ca847f97-2fae-5c58-9a2d-6fc2cd4f4f23,C68P29N_ThinF_IMG_20150819_134112_cell_156.png,C68P29N_ThinF,train,parasitized,train/parasitized/C68P29N_ThinF_IMG_20150819_134112_cell_156.png
ca6a9f12-e21d-5c16-8310-915562ff83ef,C48P9thinF_IMG_20150721_162732_cell_17.png,C48P9thinF,train,parasitized,train/parasitized/C48P9thinF_IMG_20150721_162732_cell_17.png
9be29c17-1627-5c0c-a1e5-4b7868a1339a,C99P60ThinF_IMG_20150918_141129_cell_148.png,C99P60ThinF,train,parasitized,train/parasitized/C99P60ThinF_IMG_20150918_141129_cell_148.png
591625ad-3060-59f9-8cc3-b3ca2d3b2c47,C59P20thinF_IMG_20150803_113809_cell_5.png,C59P20thinF,train,parasitized,train/parasitized/C59P20thinF_IMG_20150803_113809_cell_5.png
090658de-4e10-5739-95f0-bda63c1bc6c7,C46P7ThinF_IMG_20151130_210815_cell_3.png,C46P7ThinF,train,parasitized,train/parasitized/C46P7ThinF_IMG_20151130_210815_cell_3.png
d6a90f6d-f364-5986-af21-18362e7140bc,C180P141NThinF_IMG_20151201_165528_cell_150.png,C180P141NThinF,train,parasitized,train/parasitized/C180P141NThinF_IMG_20151201_165528_cell_150.png
dc281e49-9edf-5235-b49c-0a9732cad85d,C129P90ThinF_IMG_20151004_133421_cell_103.png,C129P90ThinF,train,parasitized,train/parasitized/C129P90ThinF_IMG_20151004_133421_cell_103.png
8e9d472f-e596-5af8-913a-1b9557d8d298,C91P52ThinF_IMG_20150821_124311_cell_25.png,C91P52ThinF,train,parasitized,train/parasitized/C91P52ThinF_IMG_20150821_124311_cell_25.png
87230727-bade-5699-b772-37af4601b8ee,C70P31_ThinF_IMG_20150813_131330_cell_83.png,C70P31_ThinF,train,parasitized,train/parasitized/C70P31_ThinF_IMG_20150813_131330_cell_83.png
59d06bfb-f716-59a7-8143-03512605145b,C132P93ThinF_IMG_20151004_152808_cell_1.png,C132P93ThinF,train,parasitized,train/parasitized/C132P93ThinF_IMG_20151004_152808_cell_1.png
8954b866-ac1e-5355-9423-dabc482135ef,C60P21thinF_IMG_20150804_105034_cell_121.png,C60P21thinF,train,parasitized,train/parasitized/C60P21thinF_IMG_20150804_105034_cell_121.png
1e4146b1-6920-5dab-afb8-4a21f209175b,C48P9thinF_IMG_20150721_160406_cell_197.png,C48P9thinF,train,parasitized,train/parasitized/C48P9thinF_IMG_20150721_160406_cell_197.png
26dd60be-2e77-5376-8752-b86b0114b018,C70P31_ThinF_IMG_20150813_131330_cell_96.png,C70P31_ThinF,train,parasitized,train/parasitized/C70P31_ThinF_IMG_20150813_131330_cell_96.png
796c912e-839a-54e9-a5bd-71782a040662,C118P79ThinF_IMG_20151002_110725_cell_145.png,C118P79ThinF,train,parasitized,train/parasitized/C118P79ThinF_IMG_20151002_110725_cell_145.png
071e467d-0627-534e-b3da-24e995bff036,C132P93ThinF_IMG_20151004_152353_cell_151.png,C132P93ThinF,train,parasitized,train/parasitized/C132P93ThinF_IMG_20151004_152353_cell_151.png
0de99b04-5d60-5eb0-85e5-08f0a6129457,C118P79ThinF_IMG_20151002_110725_cell_139.png,C118P79ThinF,train,parasitized,train/parasitized/C118P79ThinF_IMG_20151002_110725_cell_139.png
157d988c-b6c3-5c5d-883d-21cd963ca02a,C136P97ThinF_IMG_20151005_144449_cell_28.png,C136P97ThinF,train,parasitized,train/parasitized/C136P97ThinF_IMG_20151005_144449_cell_28.png
927c35b2-835b-514e-a66b-85dd3a42494e,C89P50ThinF_IMG_20150820_162153_cell_192.png,C89P50ThinF,train,parasitized,train/parasitized/C89P50ThinF_IMG_20150820_162153_cell_192.png
032a0bf4-3226-5b43-a745-bd9f22fb794b,C99P60ThinF_IMG_20150918_141314_cell_109.png,C99P60ThinF,train,parasitized,train/parasitized/C99P60ThinF_IMG_20150918_141314_cell_109.png
925be3fb-c78c-5977-b7fa-fa5f924ebb1c,C91P52ThinF_IMG_20150821_124739_cell_190.png,C91P52ThinF,train,parasitized,train/parasitized/C91P52ThinF_IMG_20150821_124739_cell_190.png
a1ae5c16-6629-597f-ba00-78040bc91044,C91P52ThinF_IMG_20150821_125154_cell_215.png,C91P52ThinF,train,parasitized,train/parasitized/C91P52ThinF_IMG_20150821_125154_cell_215.png
c66bdd85-b30d-5b65-ac34-83676593839a,C126P87ThinF_IMG_20151004_104728_cell_127.png,C126P87ThinF,train,parasitized,train/parasitized/C126P87ThinF_IMG_20151004_104728_cell_127.png
a91eb401-ffbb-5166-9dfa-3284870bdaec,C173P134NThinF_IMG_20151130_125501_cell_257.png,C173P134NThinF,train,parasitized,train/parasitized/C173P134NThinF_IMG_20151130_125501_cell_257.png
982c5fca-3c31-56cd-8285-5c30003ae4fc,C164P125ThinF_IMG_20151116_115112_cell_146.png,C164P125ThinF,train,parasitized,train/parasitized/C164P125ThinF_IMG_20151116_115112_cell_146.png
11ea1ceb-a04c-5e61-a0a6-ceef8e12cc6a,C137P98ThinF_IMG_20151005_161306_cell_8.png,C137P98ThinF,train,parasitized,train/parasitized/C137P98ThinF_IMG_20151005_161306_cell_8.png
60f26816-246f-5078-980b-4a04b03d24c3,C48P9thinF_IMG_20150721_163810_cell_12.png,C48P9thinF,train,parasitized,train/parasitized/C48P9thinF_IMG_20150721_163810_cell_12.png
edc21839-40c0-5cf3-b02d-710364e2d36a,C132P93ThinF_IMG_20151004_153030_cell_30.png,C132P93ThinF,train,parasitized,train/parasitized/C132P93ThinF_IMG_20151004_153030_cell_30.png
a07cfcd4-513e-5ee4-bfda-df57023c4a0a,C133P94ThinF_IMG_20151004_154919_cell_122.png,C133P94ThinF,train,parasitized,train/parasitized/C133P94ThinF_IMG_20151004_154919_cell_122.png
2957f802-85c5-50df-b94c-e0614f4070db,C67P28N_ThinF_IMG_20150819_121456_cell_254.png,C67P28N_ThinF,train,parasitized,train/parasitized/C67P28N_ThinF_IMG_20150819_121456_cell_254.png
f73cf76e-426b-5f47-acf4-60365d2ed70c,C48P9thinF_IMG_20150721_160944_cell_203.png,C48P9thinF,train,parasitized,train/parasitized/C48P9thinF_IMG_20150721_160944_cell_203.png
deb71aef-669a-5685-991e-39c2154049bc,C132P93ThinF_IMG_20151004_151811_cell_128.png,C132P93ThinF,train,parasitized,train/parasitized/C132P93ThinF_IMG_20151004_151811_cell_128.png
be052ad9-47c1-5abe-9a80-e1c9f7000d32,C74P35_ThinF_IMG_20150815_121324_cell_137.png,C74P35_ThinF,train,parasitized,train/parasitized/C74P35_ThinF_IMG_20150815_121324_cell_137.png
0034590d-4442-57e1-b001-ec4a79856a3d,C78P39ThinF_IMG_20150606_104106_cell_172.png,C78P39ThinF,train,parasitized,train/parasitized/C78P39ThinF_IMG_20150606_104106_cell_172.png
450b0566-e397-535e-90ae-faffd37ac11d,C132P93ThinF_IMG_20151004_151941_cell_12.png,C132P93ThinF,train,parasitized,train/parasitized/C132P93ThinF_IMG_20151004_151941_cell_12.png
1bd36569-970f-568c-b848-fc91439c1c42,C133P94ThinF_IMG_20151004_154351_cell_109.png,C133P94ThinF,train,parasitized,train/parasitized/C133P94ThinF_IMG_20151004_154351_cell_109.png
354d4cea-ab8c-52bf-8a37-0631775bce86,C123P84ThinF_IMG_20151002_151143_cell_192.png,C123P84ThinF,train,parasitized,train/parasitized/C123P84ThinF_IMG_20151002_151143_cell_192.png
0c176af4-e9b2-50e7-91e3-9673277a9cb4,C97P58ThinF_IMG_20150917_150838_cell_149.png,C97P58ThinF,train,parasitized,train/parasitized/C97P58ThinF_IMG_20150917_150838_cell_149.png
8762e8ef-ac4b-5773-a594-35c9c99181ef,C148P109ThinF_IMG_20151115_112333_cell_241.png,C148P109ThinF,train,parasitized,train/parasitized/C148P109ThinF_IMG_20151115_112333_cell_241.png
dedd4d36-9a5e-5980-8f9e-efa6759d91d3,C133P94ThinF_IMG_20151004_154919_cell_118.png,C133P94ThinF,train,parasitized,train/parasitized/C133P94ThinF_IMG_20151004_154919_cell_118.png
3f0433fc-929a-529e-9df3-63a5ad7c4de2,C132P93ThinF_IMG_20151004_152808_cell_16.png,C132P93ThinF,train,parasitized,train/parasitized/C132P93ThinF_IMG_20151004_152808_cell_16.png
a913cc5d-db26-5ecf-8ca0-3fe5797c10a3,C99P60ThinF_IMG_20150918_141314_cell_115.png,C99P60ThinF,train,parasitized,train/parasitized/C99P60ThinF_IMG_20150918_141314_cell_115.png
058533bb-e98e-577f-a036-282b539fc263,C78P39ThinF_IMG_20150606_103630_cell_169.png,C78P39ThinF,train,parasitized,train/parasitized/C78P39ThinF_IMG_20150606_103630_cell_169.png
acb861c5-0160-53c1-9e38-1abb26f79ff1,C186P147NThinF_IMG_20151203_150322_cell_171.png,C186P147NThinF,train,parasitized,train/parasitized/C186P147NThinF_IMG_20151203_150322_cell_171.png
c6784ffe-61a7-53f1-940a-4d0d22d62752,C84P45ThinF_IMG_20150818_101146_cell_84.png,C84P45ThinF,train,parasitized,train/parasitized/C84P45ThinF_IMG_20150818_101146_cell_84.png
f649949e-2ac7-5eeb-94a8-4c73f02f8119,C180P141NThinF_IMG_20151201_165453_cell_38.png,C180P141NThinF,train,parasitized,train/parasitized/C180P141NThinF_IMG_20151201_165453_cell_38.png
41084578-e35a-5010-893e-55d53a15ee6f,C179P140ThinF_IMG_20151127_153350_cell_168.png,C179P140ThinF,train,parasitized,train/parasitized/C179P140ThinF_IMG_20151127_153350_cell_168.png
b7e79b4a-992f-5d6f-9016-544bae7c768d,C136P97ThinF_IMG_20151005_140538_cell_104.png,C136P97ThinF,train,parasitized,train/parasitized/C136P97ThinF_IMG_20151005_140538_cell_104.png
40f6cd3b-89af-5439-bae7-25eba430a17d,C170P131ThinF_IMG_20151119_120019_cell_246.png,C170P131ThinF,train,parasitized,train/parasitized/C170P131ThinF_IMG_20151119_120019_cell_246.png
46e0ee4b-9c36-5817-9a04-f77ca9f5826f,C104P65ThinF_IMG_20150918_172214_cell_25.png,C104P65ThinF,train,uninfected,train/uninfected/C104P65ThinF_IMG_20150918_172214_cell_25.png
637878c8-ad8f-57da-a660-936a9cb7cbfb,C123P84ThinF_IMG_20151002_151851_cell_130.png,C123P84ThinF,train,uninfected,train/uninfected/C123P84ThinF_IMG_20151002_151851_cell_130.png
d451512a-e00e-50b0-8210-dbd68e6e8088,C159P120ThinF_IMG_20151115_191301_cell_88.png,C159P120ThinF,train,uninfected,train/uninfected/C159P120ThinF_IMG_20151115_191301_cell_88.png
8eead59d-f72b-5019-8d03-05087e480508,C124P85ThinF_IMG_20151002_154846_cell_30.png,C124P85ThinF,train,uninfected,train/uninfected/C124P85ThinF_IMG_20151002_154846_cell_30.png
2c9a5be4-5adc-5223-a6d0-32c2f640ccef,C134P95ThinF_IMG_20151005_122552_cell_25.png,C134P95ThinF,train,uninfected,train/uninfected/C134P95ThinF_IMG_20151005_122552_cell_25.png
7361b720-8285-5d7a-b6ce-db23d9152073,C70P31_ThinF_IMG_20150813_131330_cell_32.png,C70P31_ThinF,train,uninfected,train/uninfected/C70P31_ThinF_IMG_20150813_131330_cell_32.png
2653923d-4f12-591f-8429-15eea40926c6,C173P134NThinF_IMG_20151130_115339_cell_9.png,C173P134NThinF,train,uninfected,train/uninfected/C173P134NThinF_IMG_20151130_115339_cell_9.png
61026336-2d5d-5a7d-b0ad-722f8e8b87c7,C114P75ThinF_IMG_20150930_150057_cell_61.png,C114P75ThinF,train,uninfected,train/uninfected/C114P75ThinF_IMG_20150930_150057_cell_61.png
1f600ca4-019f-584b-b446-56047f0261f5,C135P96ThinF_IMG_20151005_123857_cell_101.png,C135P96ThinF,train,uninfected,train/uninfected/C135P96ThinF_IMG_20151005_123857_cell_101.png
6c357644-3fe5-50f7-a4b7-ab1d895e7264,C154P115ThinF_IMG_20151115_141336_cell_165.png,C154P115ThinF,train,uninfected,train/uninfected/C154P115ThinF_IMG_20151115_141336_cell_165.png
f7056451-4961-5a6c-b452-eb675f4c02db,C141P102ThinF_IMG_20151005_215906_cell_62.png,C141P102ThinF,train,uninfected,train/uninfected/C141P102ThinF_IMG_20151005_215906_cell_62.png
cf42325d-ea60-5db0-886e-b6f01e442540,C97P58ThinF_IMG_20150917_151320_cell_51.png,C97P58ThinF,train,uninfected,train/uninfected/C97P58ThinF_IMG_20150917_151320_cell_51.png
bc49f907-c543-59aa-bef0-80083f5f0c6d,C60P21thinF_IMG_20150804_105955_cell_41.png,C60P21thinF,train,uninfected,train/uninfected/C60P21thinF_IMG_20150804_105955_cell_41.png
3c2e98c0-85a0-51db-a733-3f6759977d26,C92P53ThinF_IMG_20150821_151646_cell_155.png,C92P53ThinF,train,uninfected,train/uninfected/C92P53ThinF_IMG_20150821_151646_cell_155.png
8ece1dc2-1de0-58ce-a7a6-3c72568b59a0,C153P114ThinF_IMG_20151115_135746_cell_107.png,C153P114ThinF,train,uninfected,train/uninfected/C153P114ThinF_IMG_20151115_135746_cell_107.png
55f54b7f-820e-56a5-96a2-32552a948b26,C68P29N_ThinF_IMG_20150819_133447_cell_32.png,C68P29N_ThinF,train,uninfected,train/uninfected/C68P29N_ThinF_IMG_20150819_133447_cell_32.png
c625a08a-7cda-58a1-8981-e51d795c628a,C77P38ThinF_IMG_20150601_155125_cell_115.png,C77P38ThinF,train,uninfected,train/uninfected/C77P38ThinF_IMG_20150601_155125_cell_115.png
c5d06d40-5537-5f0e-a6b5-b47e64ed06f0,C78P39ThinF_IMG_20150606_103413_cell_68.png,C78P39ThinF,train,uninfected,train/uninfected/C78P39ThinF_IMG_20150606_103413_cell_68.png
16138dcb-136a-5c13-92a6-dffc512de60e,C232ThinF_IMG_20151112_154424_cell_4.png,C232ThinF,train,uninfected,train/uninfected/C232ThinF_IMG_20151112_154424_cell_4.png
a7dba09f-2cd4-58ca-aee0-fce543277b6c,C134P95ThinF_IMG_20151005_122552_cell_15.png,C134P95ThinF,train,uninfected,train/uninfected/C134P95ThinF_IMG_20151005_122552_cell_15.png
ff0a722c-25e9-5358-94a5-153ee755139d,C202ThinF_IMG_20151015_152333_cell_66.png,C202ThinF,train,uninfected,train/uninfected/C202ThinF_IMG_20151015_152333_cell_66.png
5d5f5e31-ef74-569b-8805-9ab8fe01624d,C150P111ThinF_IMG_20151115_120244_cell_161.png,C150P111ThinF,train,uninfected,train/uninfected/C150P111ThinF_IMG_20151115_120244_cell_161.png
5e3071ff-2756-5144-a654-12a57f60046f,C88P49ThinF_IMG_20150820_150141_cell_211.png,C88P49ThinF,train,uninfected,train/uninfected/C88P49ThinF_IMG_20150820_150141_cell_211.png
90a17f85-e3fd-5748-b979-8d41b210bf01,C185P146ThinF_IMG_20151203_111121_cell_96.png,C185P146ThinF,train,uninfected,train/uninfected/C185P146ThinF_IMG_20151203_111121_cell_96.png
cf6caf8b-c010-5f60-ad0e-7e1adccb3835,C83P44ThinF_IMG_20150817_133609_cell_99.png,C83P44ThinF,train,uninfected,train/uninfected/C83P44ThinF_IMG_20150817_133609_cell_99.png
508f08ff-aa3e-54c5-8470-36d081136588,C146P107ThinF_IMG_20151018_140044_cell_13.png,C146P107ThinF,train,uninfected,train/uninfected/C146P107ThinF_IMG_20151018_140044_cell_13.png
e351e5fb-c5aa-5c2f-8deb-bddf23783ac0,C231ThinF_IMG_20151112_153147_cell_78.png,C231ThinF,train,uninfected,train/uninfected/C231ThinF_IMG_20151112_153147_cell_78.png
19d64ad4-1590-52f7-9492-42f0f56e184f,C202ThinF_IMG_20151015_152333_cell_150.png,C202ThinF,train,uninfected,train/uninfected/C202ThinF_IMG_20151015_152333_cell_150.png
138d7ad4-4c0e-581b-9ad0-b2fbf18ed510,C135P96ThinF_IMG_20151005_123441_cell_116.png,C135P96ThinF,train,uninfected,train/uninfected/C135P96ThinF_IMG_20151005_123441_cell_116.png
49fdac81-55f9-5b2a-b879-b5175ac0be77,C90P51ThinF_IMG_20150821_115846_cell_65.png,C90P51ThinF,train,uninfected,train/uninfected/C90P51ThinF_IMG_20150821_115846_cell_65.png
70728d71-cdb9-54e8-a405-a66d89a7f089,C116P77ThinF_IMG_20150930_171219_cell_69.png,C116P77ThinF,train,uninfected,train/uninfected/C116P77ThinF_IMG_20150930_171219_cell_69.png
e344b96d-4d01-5709-a805-ff9a58f2f790,C231ThinF_IMG_20151112_153359_cell_123.png,C231ThinF,train,uninfected,train/uninfected/C231ThinF_IMG_20151112_153359_cell_123.png
a9757d55-48c6-5f15-8432-3b4c373a36e9,C135P96ThinF_IMG_20151005_123441_cell_147.png,C135P96ThinF,train,uninfected,train/uninfected/C135P96ThinF_IMG_20151005_123441_cell_147.png
2c77cc3a-7bca-5950-b7a1-bed3b75375ca,C33P1thinF_IMG_20150619_120804a_cell_3.png,C33P1thinF,train,uninfected,train/uninfected/C33P1thinF_IMG_20150619_120804a_cell_3.png
86f00739-ff24-5b14-a0e9-0ac849c502e4,C71P32_ThinF_IMG_20150813_162016_cell_108.png,C71P32_ThinF,train,uninfected,train/uninfected/C71P32_ThinF_IMG_20150813_162016_cell_108.png
e72e86cb-99e6-5a5d-a212-462a594f91a9,C91P52ThinF_IMG_20150821_123314_cell_114.png,C91P52ThinF,train,uninfected,train/uninfected/C91P52ThinF_IMG_20150821_123314_cell_114.png
20f5b2b9-c401-532c-923c-25630964a0f7,C12NThinF_IMG_20150614_124301_cell_172.png,C12NThinF,train,uninfected,train/uninfected/C12NThinF_IMG_20150614_124301_cell_172.png
89f62f5f-c4b5-53a9-b016-3351cd5411dd,C77P38ThinF_IMG_20150601_155642_cell_88.png,C77P38ThinF,train,uninfected,train/uninfected/C77P38ThinF_IMG_20150601_155642_cell_88.png
de294bd9-b30d-50fe-8416-bd67c066dd94,C141P102ThinF_IMG_20151005_214338_cell_90.png,C141P102ThinF,train,uninfected,train/uninfected/C141P102ThinF_IMG_20151005_214338_cell_90.png
ca42b27a-8e45-591f-bbad-8e09495093c8,C152P113ThinF_IMG_20151115_124853_cell_46.png,C152P113ThinF,train,uninfected,train/uninfected/C152P113ThinF_IMG_20151115_124853_cell_46.png
cb255050-8d12-583d-b0bf-f6a83492687e,C136P97ThinF_IMG_20151005_144727_cell_23.png,C136P97ThinF,train,uninfected,train/uninfected/C136P97ThinF_IMG_20151005_144727_cell_23.png
ebc68cae-9ebc-54ff-aace-11a74420cc34,C115P76ThinF_IMG_20150930_162038_cell_171.png,C115P76ThinF,train,uninfected,train/uninfected/C115P76ThinF_IMG_20150930_162038_cell_171.png
9861eaf4-00f7-54ad-817c-0ea14169fb83,C47P8thinOriginalOlympusCX21_IMG_20150717_174750_cell_137.png,C47P8thinOriginalOlympusCX21,train,uninfected,train/uninfected/C47P8thinOriginalOlympusCX21_IMG_20150717_174750_cell_137.png
526bb7f9-8ed0-54cd-aea0-a25341b7dd7a,C226ThinF_IMG_20151112_131622_cell_15.png,C226ThinF,train,uninfected,train/uninfected/C226ThinF_IMG_20151112_131622_cell_15.png
72cec45e-acbb-542f-9fd1-956cdbc02e24,C82P43ThinF_IMG_20150817_124010_cell_91.png,C82P43ThinF,train,uninfected,train/uninfected/C82P43ThinF_IMG_20150817_124010_cell_91.png
e71754cd-9910-56c9-a610-f2cc1403405e,C122P83ThinF_IMG_20151002_144341_cell_24.png,C122P83ThinF,train,uninfected,train/uninfected/C122P83ThinF_IMG_20151002_144341_cell_24.png
5d02d1a7-3660-58fc-9472-e3b80805d4ef,C38P3thinF_original_IMG_20150621_112246_cell_187.png,C38P3thinF_original,train,uninfected,train/uninfected/C38P3thinF_original_IMG_20150621_112246_cell_187.png
ded5c771-cc43-515e-8417-4917f2a21b3e,C58P19thinF_IMG_20150802_122520_cell_107.png,C58P19thinF,train,uninfected,train/uninfected/C58P19thinF_IMG_20150802_122520_cell_107.png
fa48a1ea-32e0-5313-84fd-6dfb1d71ad54,C138P99ThinF_IMG_20151005_171116_cell_59.png,C138P99ThinF,train,uninfected,train/uninfected/C138P99ThinF_IMG_20151005_171116_cell_59.png
a92f4cd4-b8cb-5248-bdcf-4ee668b1b74a,C67P28N_ThinF_IMG_20150819_121456_cell_174.png,C67P28N_ThinF,train,uninfected,train/uninfected/C67P28N_ThinF_IMG_20150819_121456_cell_174.png
62f9ffed-fb06-5406-b83a-e90f786a577e,C4thin_original_IMG_20150608_170038_cell_180.png,C4thin_original,train,uninfected,train/uninfected/C4thin_original_IMG_20150608_170038_cell_180.png
01b9ee67-b574-5b3f-bf09-968706d7e987,C239ThinF_IMG_20151127_113202_cell_164.png,C239ThinF,train,uninfected,train/uninfected/C239ThinF_IMG_20151127_113202_cell_164.png
119f6333-42a4-5ac8-92d3-c43685acdada,C180P141NThinF_IMG_20151201_163702_cell_140.png,C180P141NThinF,train,uninfected,train/uninfected/C180P141NThinF_IMG_20151201_163702_cell_140.png
cd3a1646-ddaa-5f6d-bfea-02e618e5e9fd,C128P89ThinF_IMG_20151004_131030_cell_133.png,C128P89ThinF,train,uninfected,train/uninfected/C128P89ThinF_IMG_20151004_131030_cell_133.png
0187e739-5296-5579-8cc2-c9ecace7112a,C130P91ThinF_IMG_20151004_135449_cell_11.png,C130P91ThinF,train,uninfected,train/uninfected/C130P91ThinF_IMG_20151004_135449_cell_11.png
cfa81801-acc4-5d39-932b-67fe7411ec32,C138P99ThinF_IMG_20151005_171940_cell_117.png,C138P99ThinF,train,uninfected,train/uninfected/C138P99ThinF_IMG_20151005_171940_cell_117.png
f1901050-0eb6-5172-8ca8-5d4800c20688,C5NThinF_IMG_20150609_122227_cell_9.png,C5NThinF,train,uninfected,train/uninfected/C5NThinF_IMG_20150609_122227_cell_9.png
0e6e3770-e438-5a6a-b939-99711919bcdb,C63P24N_ThinF_IMG_20150818_143757_cell_118.png,C63P24N_ThinF,train,uninfected,train/uninfected/C63P24N_ThinF_IMG_20150818_143757_cell_118.png
ddc866c7-9baa-5bb0-8cd4-265ab8c79d85,C117P78ThinF_IMG_20150930_221048_cell_61.png,C117P78ThinF,train,uninfected,train/uninfected/C117P78ThinF_IMG_20150930_221048_cell_61.png
fc6d69b7-ffcb-52b7-ab23-46a896720688,C37BP2_thinF_IMG_20150620_132440a_cell_50.png,C37BP2_thinF,train,uninfected,train/uninfected/C37BP2_thinF_IMG_20150620_132440a_cell_50.png
e4ca8b44-26f2-5a45-8e8d-03ef7348c186,C182P143NThinF_IMG_20151201_171905_cell_68.png,C182P143NThinF,train,uninfected,train/uninfected/C182P143NThinF_IMG_20151201_171905_cell_68.png
6195c820-c226-56db-9922-b3227bea3e35,C61P22N_ThinF_IMG_20150818_112252_cell_144.png,C61P22N_ThinF,train,uninfected,train/uninfected/C61P22N_ThinF_IMG_20150818_112252_cell_144.png
10a961cc-e53e-520c-b6dd-3aefd1c73a14,C188P149ThinF_IMG_20151203_134319_cell_146.png,C188P149ThinF,train,uninfected,train/uninfected/C188P149ThinF_IMG_20151203_134319_cell_146.png
90d63347-2251-544c-89da-c8f376f7dcce,C1_thinF_IMG_20150604_104919_cell_189.png,C1_thinF,train,uninfected,train/uninfected/C1_thinF_IMG_20150604_104919_cell_189.png
f2e18fa3-3b9b-5918-b2df-09eb6a2e2dcf,C230ThinF_IMG_20151112_150730_cell_30.png,C230ThinF,train,uninfected,train/uninfected/C230ThinF_IMG_20151112_150730_cell_30.png
a83c0fc3-c6b7-5cc3-b2ee-fb0229b36a53,C76P37ThinF_IMG_20150815_172902_cell_137.png,C76P37ThinF,train,uninfected,train/uninfected/C76P37ThinF_IMG_20150815_172902_cell_137.png
7a615a31-3339-500a-8ba8-650bc16a7554,C99P60ThinF_IMG_20150918_142128_cell_56.png,C99P60ThinF,train,uninfected,train/uninfected/C99P60ThinF_IMG_20150918_142128_cell_56.png
6d3bf216-90b2-5853-af8e-79a14c3b5b50,C120P81ThinF_IMG_20151002_130407_cell_98.png,C120P81ThinF,train,uninfected,train/uninfected/C120P81ThinF_IMG_20151002_130407_cell_98.png
f47dc028-0503-56e7-a99b-e3a8733cc756,C86P47ThinF_IMG_20150820_124259_cell_124.png,C86P47ThinF,train,uninfected,train/uninfected/C86P47ThinF_IMG_20150820_124259_cell_124.png
99876c36-4be4-5ceb-9baa-c4961070fa43,C146P107ThinF_IMG_20151018_140044_cell_121.png,C146P107ThinF,train,uninfected,train/uninfected/C146P107ThinF_IMG_20151018_140044_cell_121.png
f1be3fc0-adb4-5f0a-afbc-c5364df3d9ca,C38P3thinF_original_IMG_20150621_112227_cell_100.png,C38P3thinF_original,train,uninfected,train/uninfected/C38P3thinF_original_IMG_20150621_112227_cell_100.png
23ac8fa1-05fb-5b24-9485-4c2b436d2495,C54P15thinF_IMG_20150728_112832_cell_188.png,C54P15thinF,train,uninfected,train/uninfected/C54P15thinF_IMG_20150728_112832_cell_188.png
79d11c8b-1422-5e02-9103-35e1951634a4,C165P126ThinF_IMG_20151117_171646_cell_84.png,C165P126ThinF,train,uninfected,train/uninfected/C165P126ThinF_IMG_20151117_171646_cell_84.png
79c05b4e-7c49-5e4a-a463-25c367166025,C64P25N_ThinF_IMG_20150818_153517_cell_130.png,C64P25N_ThinF,train,uninfected,train/uninfected/C64P25N_ThinF_IMG_20150818_153517_cell_130.png
d118d5d7-90f5-5b82-8294-42975f4d1ebe,C156P117ThinF_IMG_20151115_153831_cell_231.png,C156P117ThinF,train,uninfected,train/uninfected/C156P117ThinF_IMG_20151115_153831_cell_231.png
8d5f6b4f-505d-53d1-9f9d-d4c1585697cd,C154P115ThinF_IMG_20151115_141543_cell_65.png,C154P115ThinF,train,uninfected,train/uninfected/C154P115ThinF_IMG_20151115_141543_cell_65.png
0bbb974f-7f9e-5a73-8c01-24f63ce98aad,C120P81ThinF_IMG_20151002_130150_cell_145.png,C120P81ThinF,train,uninfected,train/uninfected/C120P81ThinF_IMG_20151002_130150_cell_145.png
060e57f5-af59-590c-8902-d913adf9279b,C86P47ThinF_IMG_20150820_124259_cell_196.png,C86P47ThinF,train,uninfected,train/uninfected/C86P47ThinF_IMG_20150820_124259_cell_196.png
054fbf91-be82-55e8-8eea-f1b55f2c5acc,C94P55ThinF_IMG_20150821_165118_cell_95.png,C94P55ThinF,train,uninfected,train/uninfected/C94P55ThinF_IMG_20150821_165118_cell_95.png
037e14a5-1ea6-58a7-baaa-64ed45a20127,C214ThinF_IMG_20151106_131748_cell_75.png,C214ThinF,train,uninfected,train/uninfected/C214ThinF_IMG_20151106_131748_cell_75.png
30db7d25-e912-53bc-9bfd-25f16d60f64b,C111P72ThinF_IMG_20150930_112827_cell_141.png,C111P72ThinF,train,uninfected,train/uninfected/C111P72ThinF_IMG_20150930_112827_cell_141.png
2166c934-7e1f-5b4f-a4c7-96b1e618b3b0,C69P30N_ThinF_IMG_20150819_135421_cell_112.png,C69P30N_ThinF,train,uninfected,train/uninfected/C69P30N_ThinF_IMG_20150819_135421_cell_112.png
ebb8d25b-74fe-55df-b59c-6e033a02a99f,C61P22N_ThinF_IMG_20150818_112704_cell_175.png,C61P22N_ThinF,train,uninfected,train/uninfected/C61P22N_ThinF_IMG_20150818_112704_cell_175.png
c927cc6c-78b3-5e81-9907-2e9373415d91,C210ThinF_IMG_20151029_162834_cell_57.png,C210ThinF,train,uninfected,train/uninfected/C210ThinF_IMG_20151029_162834_cell_57.png
30534c51-988b-5f55-b376-48aec4b846ed,C48P9thinF_IMG_20150721_160406_cell_128.png,C48P9thinF,train,uninfected,train/uninfected/C48P9thinF_IMG_20150721_160406_cell_128.png
61e6742c-4c43-5264-97d3-c70e82024fed,C205ThinF_IMG_20151106_151622_cell_46.png,C205ThinF,train,uninfected,train/uninfected/C205ThinF_IMG_20151106_151622_cell_46.png
5fa84320-272a-521d-921c-e519b9eb152e,C70P31_ThinF_IMG_20150819_142744_cell_41.png,C70P31_ThinF,train,uninfected,train/uninfected/C70P31_ThinF_IMG_20150819_142744_cell_41.png
0e11f782-7436-5736-bb4e-8cfe5560a22f,C213ThinF_IMG_20151106_112853_cell_169.png,C213ThinF,train,uninfected,train/uninfected/C213ThinF_IMG_20151106_112853_cell_169.png
c83f5d7a-ac0f-5cff-83ea-93fcf741d061,C1_thinF_IMG_20150604_104919_cell_132.png,C1_thinF,train,uninfected,train/uninfected/C1_thinF_IMG_20150604_104919_cell_132.png
afd84a62-9e21-5ef3-abe0-2d8a7c954461,C138P99ThinF_IMG_20151005_173241_cell_8.png,C138P99ThinF,train,uninfected,train/uninfected/C138P99ThinF_IMG_20151005_173241_cell_8.png
87353137-7f62-5f67-b1e4-7846b459465a,C104P65ThinF_IMG_20150918_172537_cell_75.png,C104P65ThinF,train,uninfected,train/uninfected/C104P65ThinF_IMG_20150918_172537_cell_75.png
c6d199d3-49b3-5654-8d0f-8c2a924f74b5,C187P148NThinF_IMG_20151203_154249_cell_76.png,C187P148NThinF,train,uninfected,train/uninfected/C187P148NThinF_IMG_20151203_154249_cell_76.png
fc2c571d-82f2-58d9-aa7a-324168970564,C173P134NThinF_IMG_20151130_125501_cell_161.png,C173P134NThinF,train,uninfected,train/uninfected/C173P134NThinF_IMG_20151130_125501_cell_161.png
0c9d0409-da64-51a8-88fd-1c2579360ba2,C1_thinF_IMG_20150604_105100_cell_232.png,C1_thinF,train,uninfected,train/uninfected/C1_thinF_IMG_20150604_105100_cell_232.png
ff8f55ea-25e4-57a3-a8f8-768276cffdce,C7NthinF_IMG_20150611_104510_cell_128.png,C7NthinF,train,uninfected,train/uninfected/C7NthinF_IMG_20150611_104510_cell_128.png
7eff322a-baa8-564c-afa8-d1c6a07917d0,C84P45ThinF_IMG_20150818_101412_cell_85.png,C84P45ThinF,train,uninfected,train/uninfected/C84P45ThinF_IMG_20150818_101412_cell_85.png
c345a0aa-7c88-53e0-bedc-fa5e11e9f47f,C81P42ThinF_IMG_20150817_120524_cell_109.png,C81P42ThinF,train,uninfected,train/uninfected/C81P42ThinF_IMG_20150817_120524_cell_109.png
65ad2f12-1db1-50b4-bcdb-a95252e67d4f,C77P38ThinF_IMG_20150602_111510_cell_99.png,C77P38ThinF,train,uninfected,train/uninfected/C77P38ThinF_IMG_20150602_111510_cell_99.png
40e3aab3-be34-5e75-8806-6905bc2c2d66,C165P126ThinF_IMG_20151117_172859_cell_143.png,C165P126ThinF,train,uninfected,train/uninfected/C165P126ThinF_IMG_20151117_172859_cell_143.png
a405a84d-51bb-59a5-ac3a-20547c380a40,C79P40ThinF_IMG_20150817_103303_cell_91.png,C79P40ThinF,train,uninfected,train/uninfected/C79P40ThinF_IMG_20150817_103303_cell_91.png
